code,industry
sh.600000,货币金融服务
sh.600004,航空运输业
sh.600006,汽车制造业
sh.600007,房地产业
sh.600008,水的生产和供应业
sh.600009,航空运输业
sh.600010,黑色金属冶炼和压延加工业
sh.600011,电力、热力生产和供应业
sh.600012,道路运输业
sh.600015,货币金融服务
sh.600016,货币金融服务
sh.600017,水上运输业
sh.600018,水上运输业
sh.600019,黑色金属冶炼和压延加工业
sh.600020,道路运输业
sh.600021,电力、热力生产和供应业
sh.600022,黑色金属冶炼和压延加工业
sh.600023,电力、热力生产和供应业
sh.600025,电力、热力生产和供应业
sh.600026,水上运输业
sh.600027,电力、热力生产和供应业
sh.600028,石油和天然气开采业
sh.600029,航空运输业
sh.600030,资本市场服务
sh.600031,专用设备制造业
sh.600032,电力、热力生产和供应业
sh.600033,道路运输业
sh.600035,道路运输业
sh.600036,货币金融服务
sh.600037,电信、广播电视和卫星传输服务
sh.600038,铁路、船舶、航空航天和其他运输设备制造业
sh.600039,土木工程建筑业
sh.600048,房地产业
sh.600050,电信、广播电视和卫星传输服务
sh.600051,批发业
sh.600052,商务服务业
sh.600053,资本市场服务
sh.600054,公共设施管理业
sh.600055,专用设备制造业
sh.600056,批发业
sh.600057,商务服务业
sh.600058,批发业
sh.600059,酒、饮料和精制茶制造业
sh.600060,计算机、通信和其他电子设备制造业
sh.600061,资本市场服务
sh.600062,医药制造业
sh.600063,化学原料和化学制品制造业
sh.600064,房地产业
sh.600066,汽车制造业
sh.600067,电气机械和器材制造业
sh.600071,仪器仪表制造业
sh.600072,土木工程建筑业
sh.600073,农副食品加工业
sh.600075,化学原料和化学制品制造业
sh.600076,木材加工和木、竹、藤、棕、草制品业
sh.600078,化学原料和化学制品制造业
sh.600079,医药制造业
sh.600080,医药制造业
sh.600081,汽车制造业
sh.600082,批发业
sh.600084,酒、饮料和精制茶制造业
sh.600085,医药制造业
sh.600088,广播、电视、电影和录音制作业
sh.600089,电气机械和器材制造业
sh.600094,房地产业
sh.600095,资本市场服务
sh.600096,化学原料和化学制品制造业
sh.600097,渔业
sh.600098,电力、热力生产和供应业
sh.600099,铁路、船舶、航空航天和其他运输设备制造业
sh.600100,计算机、通信和其他电子设备制造业
sh.600101,电力、热力生产和供应业
sh.600103,造纸和纸制品业
sh.600104,汽车制造业
sh.600105,电气机械和器材制造业
sh.600106,道路运输业
sh.600107,纺织服装、服饰业
sh.600108,农业
sh.600109,资本市场服务
sh.600110,计算机、通信和其他电子设备制造业
sh.600111,有色金属冶炼和压延加工业
sh.600113,商务服务业
sh.600114,金属制品业
sh.600115,航空运输业
sh.600116,电力、热力生产和供应业
sh.600117,黑色金属冶炼和压延加工业
sh.600118,计算机、通信和其他电子设备制造业
sh.600119,道路运输业
sh.600120,其他金融业
sh.600121,煤炭开采和洗选业
sh.600123,煤炭开采和洗选业
sh.600125,铁路运输业
sh.600126,黑色金属冶炼和压延加工业
sh.600127,农副食品加工业
sh.600128,批发业
sh.600129,医药制造业
sh.600130,计算机、通信和其他电子设备制造业
sh.600131,软件和信息技术服务业
sh.600132,酒、饮料和精制茶制造业
sh.600133,生态保护和环境治理业
sh.600135,化学原料和化学制品制造业
sh.600136,广播、电视、电影和录音制作业
sh.600137,纺织服装、服饰业
sh.600138,商务服务业
sh.600141,化学原料和化学制品制造业
sh.600143,橡胶和塑料制品业
sh.600148,汽车制造业
sh.600149,电力、热力生产和供应业
sh.600150,铁路、船舶、航空航天和其他运输设备制造业
sh.600151,电气机械和器材制造业
sh.600152,电气机械和器材制造业
sh.600153,商务服务业
sh.600155,资本市场服务
sh.600156,纺织业
sh.600157,电力、热力生产和供应业
sh.600158,体育
sh.600159,房屋建筑业
sh.600160,化学原料和化学制品制造业
sh.600161,医药制造业
sh.600162,房地产业
sh.600163,电力、热力生产和供应业
sh.600165,化学原料和化学制品制造业
sh.600166,汽车制造业
sh.600167,电力、热力生产和供应业
sh.600168,水的生产和供应业
sh.600169,专用设备制造业
sh.600170,土木工程建筑业
sh.600171,计算机、通信和其他电子设备制造业
sh.600172,非金属矿物制品业
sh.600173,房地产业
sh.600176,非金属矿物制品业
sh.600177,纺织服装、服饰业
sh.600178,汽车制造业
sh.600179,多式联运和运输代理业
sh.600180,批发业
sh.600182,橡胶和塑料制品业
sh.600183,计算机、通信和其他电子设备制造业
sh.600184,专用设备制造业
sh.600185,商务服务业
sh.600186,食品制造业
sh.600187,水的生产和供应业
sh.600188,煤炭开采和洗选业
sh.600189,酒、饮料和精制茶制造业
sh.600191,农副食品加工业
sh.600192,电气机械和器材制造业
sh.600193,建筑装饰、装修和其他建筑业
sh.600195,医药制造业
sh.600196,医药制造业
sh.600197,酒、饮料和精制茶制造业
sh.600198,计算机、通信和其他电子设备制造业
sh.600199,酒、饮料和精制茶制造业
sh.600201,医药制造业
sh.600202,通用设备制造业
sh.600203,计算机、通信和其他电子设备制造业
sh.600206,有色金属冶炼和压延加工业
sh.600207,非金属矿物制品业
sh.600208,房地产业
sh.600210,橡胶和塑料制品业
sh.600211,医药制造业
sh.600212,电气机械和器材制造业
sh.600215,通用设备制造业
sh.600216,医药制造业
sh.600217,废弃资源综合利用业
sh.600218,通用设备制造业
sh.600219,有色金属冶炼和压延加工业
sh.600221,航空运输业
sh.600222,医药制造业
sh.600223,化学原料和化学制品制造业
sh.600226,电力、热力生产和供应业
sh.600227,化学原料和化学制品制造业
sh.600228,互联网和相关服务
sh.600229,新闻和出版业
sh.600230,化学原料和化学制品制造业
sh.600231,黑色金属冶炼和压延加工业
sh.600232,纺织业
sh.600233,邮政业
sh.600234,建筑装饰、装修和其他建筑业
sh.600235,造纸和纸制品业
sh.600236,电力、热力生产和供应业
sh.600237,计算机、通信和其他电子设备制造业
sh.600238,酒、饮料和精制茶制造业
sh.600239,房地产业
sh.600241,电气机械和器材制造业
sh.600243,通用设备制造业
sh.600246,房地产业
sh.600248,土木工程建筑业
sh.600249,化学原料和化学制品制造业
sh.600250,公共设施管理业
sh.600251,农副食品加工业
sh.600252,医药制造业
sh.600255,有色金属冶炼和压延加工业
sh.600256,石油和天然气开采业
sh.600257,渔业
sh.600258,住宿业
sh.600259,有色金属矿采选业
sh.600261,电气机械和器材制造业
sh.600262,专用设备制造业
sh.600265,木材加工和木、竹、藤、棕、草制品业
sh.600266,房地产业
sh.600267,医药制造业
sh.600268,电气机械和器材制造业
sh.600269,道路运输业
sh.600271,软件和信息技术服务业
sh.600272,批发业
sh.600273,化学原料和化学制品制造业
sh.600276,医药制造业
sh.600278,批发业
sh.600279,水上运输业
sh.600280,零售业
sh.600281,有色金属冶炼和压延加工业
sh.600282,黑色金属冶炼和压延加工业
sh.600283,水的生产和供应业
sh.600284,土木工程建筑业
sh.600285,医药制造业
sh.600287,批发业
sh.600288,计算机、通信和其他电子设备制造业
sh.600289,软件和信息技术服务业
sh.600292,生态保护和环境治理业
sh.600293,非金属矿物制品业
sh.600295,黑色金属冶炼和压延加工业
sh.600298,食品制造业
sh.600299,食品制造业
sh.600300,酒、饮料和精制茶制造业
sh.600301,有色金属矿采选业
sh.600302,专用设备制造业
sh.600303,汽车制造业
sh.600305,食品制造业
sh.600307,黑色金属冶炼和压延加工业
sh.600308,造纸和纸制品业
sh.600309,化学原料和化学制品制造业
sh.600310,电力、热力生产和供应业
sh.600312,电气机械和器材制造业
sh.600313,批发业
sh.600315,化学原料和化学制品制造业
sh.600316,铁路、船舶、航空航天和其他运输设备制造业
sh.600318,货币金融服务
sh.600319,化学原料和化学制品制造业
sh.600320,通用设备制造业
sh.600322,房地产业
sh.600323,生态保护和环境治理业
sh.600325,房地产业
sh.600326,非金属矿物制品业
sh.600327,卫生
sh.600328,化学原料和化学制品制造业
sh.600329,医药制造业
sh.600330,计算机、通信和其他电子设备制造业
sh.600331,化学原料和化学制品制造业
sh.600332,医药制造业
sh.600333,燃气生产和供应业
sh.600335,批发业
sh.600336,电气机械和器材制造业
sh.600337,零售业
sh.600338,有色金属矿采选业
sh.600339,开采专业及辅助性活动
sh.600340,房地产业
sh.600343,通用设备制造业
sh.600345,计算机、通信和其他电子设备制造业
sh.600346,化学原料和化学制品制造业
sh.600348,煤炭开采和洗选业
sh.600350,道路运输业
sh.600351,医药制造业
sh.600352,化学原料和化学制品制造业
sh.600353,计算机、通信和其他电子设备制造业
sh.600354,农、林、牧、渔专业及辅助性活动
sh.600356,造纸和纸制品业
sh.600358,商务服务业
sh.600359,农业
sh.600360,计算机、通信和其他电子设备制造业
sh.600361,有色金属冶炼和压延加工业
sh.600362,有色金属冶炼和压延加工业
sh.600363,计算机、通信和其他电子设备制造业
sh.600365,零售业
sh.600366,非金属矿物制品业
sh.600367,化学原料和化学制品制造业
sh.600368,道路运输业
sh.600369,资本市场服务
sh.600370,化学原料和化学制品制造业
sh.600371,农、林、牧、渔专业及辅助性活动
sh.600372,铁路、船舶、航空航天和其他运输设备制造业
sh.600373,新闻和出版业
sh.600375,汽车制造业
sh.600376,房地产业
sh.600377,道路运输业
sh.600378,化学原料和化学制品制造业
sh.600379,电气机械和器材制造业
sh.600380,医药制造业
sh.600381,食品制造业
sh.600382,黑色金属矿采选业
sh.600383,房地产业
sh.600386,零售业
sh.600388,专用设备制造业
sh.600389,化学原料和化学制品制造业
sh.600390,其他金融业
sh.600391,铁路、船舶、航空航天和其他运输设备制造业
sh.600392,有色金属冶炼和压延加工业
sh.600395,煤炭开采和洗选业
sh.600396,电力、热力生产和供应业
sh.600397,专用设备制造业
sh.600398,纺织服装、服饰业
sh.600399,黑色金属冶炼和压延加工业
sh.600400,纺织服装、服饰业
sh.600403,煤炭开采和洗选业
sh.600405,计算机、通信和其他电子设备制造业
sh.600406,软件和信息技术服务业
sh.600408,黑色金属冶炼和压延加工业
sh.600409,化学原料和化学制品制造业
sh.600410,软件和信息技术服务业
sh.600415,商务服务业
sh.600416,电气机械和器材制造业
sh.600418,汽车制造业
sh.600419,食品制造业
sh.600420,医药制造业
sh.600421,通用设备制造业
sh.600422,医药制造业
sh.600423,化学原料和化学制品制造业
sh.600425,非金属矿物制品业
sh.600426,化学原料和化学制品制造业
sh.600428,水上运输业
sh.600429,食品制造业
sh.600433,造纸和纸制品业
sh.600435,计算机、通信和其他电子设备制造业
sh.600436,医药制造业
sh.600438,电气机械和器材制造业
sh.600439,皮革、毛皮、羽毛及其制品和制鞋业
sh.600444,专用设备制造业
sh.600446,软件和信息技术服务业
sh.600448,纺织业
sh.600449,非金属矿物制品业
sh.600452,电力、热力生产和供应业
sh.600455,教育
sh.600456,有色金属冶炼和压延加工业
sh.600458,橡胶和塑料制品业
sh.600459,有色金属冶炼和压延加工业
sh.600460,计算机、通信和其他电子设备制造业
sh.600461,水的生产和供应业
sh.600463,土木工程建筑业
sh.600467,渔业
sh.600468,电气机械和器材制造业
sh.600469,橡胶和塑料制品业
sh.600470,化学原料和化学制品制造业
sh.600475,生态保护和环境治理业
sh.600476,软件和信息技术服务业
sh.600477,金属制品业
sh.600478,电气机械和器材制造业
sh.600479,医药制造业
sh.600480,汽车制造业
sh.600481,通用设备制造业
sh.600482,铁路、船舶、航空航天和其他运输设备制造业
sh.600483,电力、热力生产和供应业
sh.600486,化学原料和化学制品制造业
sh.600487,电气机械和器材制造业
sh.600488,医药制造业
sh.600489,有色金属矿采选业
sh.600490,有色金属冶炼和压延加工业
sh.600491,土木工程建筑业
sh.600493,纺织业
sh.600495,铁路、船舶、航空航天和其他运输设备制造业
sh.600496,金属制品业
sh.600497,有色金属冶炼和压延加工业
sh.600498,计算机、通信和其他电子设备制造业
sh.600499,专用设备制造业
sh.600500,化学原料和化学制品制造业
sh.600501,专用设备制造业
sh.600502,土木工程建筑业
sh.600503,房地产业
sh.600505,电力、热力生产和供应业
sh.600506,石油、煤炭及其他燃料加工业
sh.600507,黑色金属冶炼和压延加工业
sh.600508,煤炭开采和洗选业
sh.600509,电力、热力生产和供应业
sh.600510,房地产业
sh.600511,批发业
sh.600512,土木工程建筑业
sh.600513,医药制造业
sh.600515,房地产业
sh.600516,非金属矿物制品业
sh.600517,其他金融业
sh.600518,医药制造业
sh.600519,酒、饮料和精制茶制造业
sh.600520,专用设备制造业
sh.600521,医药制造业
sh.600522,电气机械和器材制造业
sh.600523,汽车制造业
sh.600525,电气机械和器材制造业
sh.600526,专用设备制造业
sh.600527,化学纤维制造业
sh.600528,专用设备制造业
sh.600529,非金属矿物制品业
sh.600530,食品制造业
sh.600531,有色金属冶炼和压延加工业
sh.600533,房地产业
sh.600535,医药制造业
sh.600536,软件和信息技术服务业
sh.600537,电气机械和器材制造业
sh.600538,批发业
sh.600539,零售业
sh.600540,农业
sh.600543,酒、饮料和精制茶制造业
sh.600545,专用设备制造业
sh.600546,煤炭开采和洗选业
sh.600547,有色金属矿采选业
sh.600548,道路运输业
sh.600549,有色金属冶炼和压延加工业
sh.600550,电气机械和器材制造业
sh.600551,新闻和出版业
sh.600552,计算机、通信和其他电子设备制造业
sh.600556,互联网和相关服务
sh.600557,医药制造业
sh.600558,金属制品业
sh.600559,酒、饮料和精制茶制造业
sh.600560,专用设备制造业
sh.600561,道路运输业
sh.600562,计算机、通信和其他电子设备制造业
sh.600563,计算机、通信和其他电子设备制造业
sh.600566,医药制造业
sh.600567,造纸和纸制品业
sh.600568,卫生
sh.600569,黑色金属冶炼和压延加工业
sh.600570,软件和信息技术服务业
sh.600571,软件和信息技术服务业
sh.600572,医药制造业
sh.600573,酒、饮料和精制茶制造业
sh.600575,水上运输业
sh.600576,公共设施管理业
sh.600577,电气机械和器材制造业
sh.600578,电力、热力生产和供应业
sh.600579,专用设备制造业
sh.600580,电气机械和器材制造业
sh.600581,黑色金属冶炼和压延加工业
sh.600582,专用设备制造业
sh.600583,开采专业及辅助性活动
sh.600584,计算机、通信和其他电子设备制造业
sh.600585,非金属矿物制品业
sh.600586,非金属矿物制品业
sh.600587,专用设备制造业
sh.600588,软件和信息技术服务业
sh.600589,软件和信息技术服务业
sh.600590,电气机械和器材制造业
sh.600592,通用设备制造业
sh.600593,公共设施管理业
sh.600594,医药制造业
sh.600595,有色金属冶炼和压延加工业
sh.600596,化学原料和化学制品制造业
sh.600597,食品制造业
sh.600598,农业
sh.600599,批发业
sh.600600,酒、饮料和精制茶制造业
sh.600601,计算机、通信和其他电子设备制造业
sh.600602,软件和信息技术服务业
sh.600603,铁路运输业
sh.600604,房地产业
sh.600605,房地产业
sh.600606,土木工程建筑业
sh.600608,批发业
sh.600609,汽车制造业
sh.600610,化学原料和化学制品制造业
sh.600611,道路运输业
sh.600612,文教、工美、体育和娱乐用品制造业
sh.600613,医药制造业
sh.600615,金属制品业
sh.600616,酒、饮料和精制茶制造业
sh.600617,燃气生产和供应业
sh.600618,化学原料和化学制品制造业
sh.600619,通用设备制造业
sh.600620,综合
sh.600621,资本市场服务
sh.600622,房地产业
sh.600623,化学原料和化学制品制造业
sh.600624,医药制造业
sh.600626,纺织业
sh.600628,零售业
sh.600629,专业技术服务业
sh.600630,纺织服装、服饰业
sh.600633,互联网和相关服务
sh.600635,燃气生产和供应业
sh.600636,软件和信息技术服务业
sh.600637,电信、广播电视和卫星传输服务
sh.600638,房地产业
sh.600639,房地产业
sh.600640,互联网和相关服务
sh.600641,房地产业
sh.600642,电力、热力生产和供应业
sh.600643,其他金融业
sh.600644,电力、热力生产和供应业
sh.600645,医药制造业
sh.600648,批发业
sh.600649,房地产业
sh.600650,道路运输业
sh.600651,电气机械和器材制造业
sh.600653,零售业
sh.600654,商务服务业
sh.600655,零售业
sh.600657,房地产业
sh.600658,房地产业
sh.600660,非金属矿物制品业
sh.600661,教育
sh.600662,商务服务业
sh.600663,房地产业
sh.600664,医药制造业
sh.600665,房地产业
sh.600666,非金属矿物制品业
sh.600667,土木工程建筑业
sh.600668,非金属矿物制品业
sh.600671,医药制造业
sh.600673,综合
sh.600674,电力、热力生产和供应业
sh.600675,房地产业
sh.600676,道路运输业
sh.600678,非金属矿物制品业
sh.600679,铁路、船舶、航空航天和其他运输设备制造业
sh.600681,燃气生产和供应业
sh.600682,医药制造业
sh.600683,房地产业
sh.600684,房地产业
sh.600685,铁路、船舶、航空航天和其他运输设备制造业
sh.600686,汽车制造业
sh.600688,石油、煤炭及其他燃料加工业
sh.600689,批发业
sh.600690,电气机械和器材制造业
sh.600691,化学原料和化学制品制造业
sh.600692,房地产业
sh.600693,零售业
sh.600694,零售业
sh.600696,酒、饮料和精制茶制造业
sh.600697,零售业
sh.600698,汽车制造业
sh.600699,计算机、通信和其他电子设备制造业
sh.600702,酒、饮料和精制茶制造业
sh.600703,计算机、通信和其他电子设备制造业
sh.600704,批发业
sh.600706,公共设施管理业
sh.600707,计算机、通信和其他电子设备制造业
sh.600708,房地产业
sh.600710,批发业
sh.600711,有色金属矿采选业
sh.600712,零售业
sh.600713,批发业
sh.600714,化学原料和化学制品制造业
sh.600715,广播、电视、电影和录音制作业
sh.600716,房地产业
sh.600717,水上运输业
sh.600718,软件和信息技术服务业
sh.600719,电力、热力生产和供应业
sh.600720,专业技术服务业
sh.600721,研究和试验发展
sh.600722,化学原料和化学制品制造业
sh.600724,非金属矿物制品业
sh.600725,批发业
sh.600726,电力、热力生产和供应业
sh.600727,化学原料和化学制品制造业
sh.600728,软件和信息技术服务业
sh.600729,零售业
sh.600730,教育
sh.600731,化学原料和化学制品制造业
sh.600732,电气机械和器材制造业
sh.600733,汽车制造业
sh.600734,软件和信息技术服务业
sh.600735,其他制造业
sh.600736,房地产业
sh.600737,农副食品加工业
sh.600738,零售业
sh.600739,批发业
sh.600740,石油、煤炭及其他燃料加工业
sh.600741,汽车制造业
sh.600742,汽车制造业
sh.600743,房地产业
sh.600744,电力、热力生产和供应业
sh.600745,计算机、通信和其他电子设备制造业
sh.600746,化学原料和化学制品制造业
sh.600748,房地产业
sh.600749,公共设施管理业
sh.600750,医药制造业
sh.600751,水上运输业
sh.600753,批发业
sh.600754,住宿业
sh.600755,商务服务业
sh.600756,软件和信息技术服务业
sh.600757,新闻和出版业
sh.600758,煤炭开采和洗选业
sh.600759,石油和天然气开采业
sh.600760,铁路、船舶、航空航天和其他运输设备制造业
sh.600761,通用设备制造业
sh.600763,卫生
sh.600764,计算机、通信和其他电子设备制造业
sh.600765,铁路、船舶、航空航天和其他运输设备制造业
sh.600768,有色金属冶炼和压延加工业
sh.600769,水的生产和供应业
sh.600770,电力、热力生产和供应业
sh.600771,医药制造业
sh.600773,房地产业
sh.600774,医药制造业
sh.600775,计算机、通信和其他电子设备制造业
sh.600776,计算机、通信和其他电子设备制造业
sh.600777,石油和天然气开采业
sh.600778,零售业
sh.600779,酒、饮料和精制茶制造业
sh.600780,电力、热力生产和供应业
sh.600782,黑色金属冶炼和压延加工业
sh.600783,资本市场服务
sh.600784,食品制造业
sh.600785,零售业
sh.600787,装卸搬运和仓储业
sh.600789,医药制造业
sh.600790,商务服务业
sh.600791,房地产业
sh.600792,石油、煤炭及其他燃料加工业
sh.600793,造纸和纸制品业
sh.600794,装卸搬运和仓储业
sh.600795,电力、热力生产和供应业
sh.600796,水的生产和供应业
sh.600797,软件和信息技术服务业
sh.600798,水上运输业
sh.600800,化学原料和化学制品制造业
sh.600801,非金属矿物制品业
sh.600802,非金属矿物制品业
sh.600803,燃气生产和供应业
sh.600805,综合
sh.600807,医药制造业
sh.600808,黑色金属冶炼和压延加工业
sh.600809,酒、饮料和精制茶制造业
sh.600810,化学纤维制造业
sh.600812,医药制造业
sh.600814,零售业
sh.600815,专用设备制造业
sh.600816,其他金融业
sh.600817,专用设备制造业
sh.600818,铁路、船舶、航空航天和其他运输设备制造业
sh.600819,非金属矿物制品业
sh.600820,土木工程建筑业
sh.600821,电力、热力生产和供应业
sh.600822,批发业
sh.600824,零售业
sh.600825,新闻和出版业
sh.600826,商务服务业
sh.600827,零售业
sh.600828,零售业
sh.600829,批发业
sh.600830,其他金融业
sh.600831,电信、广播电视和卫星传输服务
sh.600833,零售业
sh.600834,综合
sh.600835,通用设备制造业
sh.600838,零售业
sh.600839,计算机、通信和其他电子设备制造业
sh.600841,通用设备制造业
sh.600843,专用设备制造业
sh.600844,化学原料和化学制品制造业
sh.600845,软件和信息技术服务业
sh.600846,土木工程建筑业
sh.600847,电气机械和器材制造业
sh.600848,房地产业
sh.600850,软件和信息技术服务业
sh.600851,医药制造业
sh.600853,土木工程建筑业
sh.600854,电气机械和器材制造业
sh.600855,专用设备制造业
sh.600857,零售业
sh.600858,零售业
sh.600859,零售业
sh.600860,专用设备制造业
sh.600861,商务服务业
sh.600862,铁路、船舶、航空航天和其他运输设备制造业
sh.600863,电力、热力生产和供应业
sh.600864,资本市场服务
sh.600865,零售业
sh.600866,食品制造业
sh.600867,医药制造业
sh.600868,电力、热力生产和供应业
sh.600869,电气机械和器材制造业
sh.600871,开采专业及辅助性活动
sh.600872,食品制造业
sh.600873,食品制造业
sh.600874,水的生产和供应业
sh.600875,通用设备制造业
sh.600876,非金属矿物制品业
sh.600877,计算机、通信和其他电子设备制造业
sh.600879,铁路、船舶、航空航天和其他运输设备制造业
sh.600880,新闻和出版业
sh.600881,非金属矿物制品业
sh.600882,食品制造业
sh.600883,农副食品加工业
sh.600884,计算机、通信和其他电子设备制造业
sh.600885,电气机械和器材制造业
sh.600886,电力、热力生产和供应业
sh.600887,食品制造业
sh.600888,计算机、通信和其他电子设备制造业
sh.600889,化学纤维制造业
sh.600892,互联网和相关服务
sh.600893,铁路、船舶、航空航天和其他运输设备制造业
sh.600894,通用设备制造业
sh.600895,房地产业
sh.600897,航空运输业
sh.600900,电力、热力生产和供应业
sh.600901,货币金融服务
sh.600903,燃气生产和供应业
sh.600905,电力、热力生产和供应业
sh.600906,资本市场服务
sh.600908,货币金融服务
sh.600909,资本市场服务
sh.600916,零售业
sh.600917,燃气生产和供应业
sh.600918,资本市场服务
sh.600919,货币金融服务
sh.600925,煤炭开采和洗选业
sh.600926,货币金融服务
sh.600927,资本市场服务
sh.600928,货币金融服务
sh.600929,食品制造业
sh.600930,电力、热力生产和供应业
sh.600933,汽车制造业
sh.600935,化学原料和化学制品制造业
sh.600936,电信、广播电视和卫星传输服务
sh.600938,石油和天然气开采业
sh.600939,房屋建筑业
sh.600941,电信、广播电视和卫星传输服务
sh.600955,化学原料和化学制品制造业
sh.600956,燃气生产和供应业
sh.600958,资本市场服务
sh.600959,电信、广播电视和卫星传输服务
sh.600960,汽车制造业
sh.600961,有色金属冶炼和压延加工业
sh.600962,酒、饮料和精制茶制造业
sh.600963,造纸和纸制品业
sh.600965,农副食品加工业
sh.600966,造纸和纸制品业
sh.600967,铁路、船舶、航空航天和其他运输设备制造业
sh.600968,开采专业及辅助性活动
sh.600969,电力、热力生产和供应业
sh.600970,土木工程建筑业
sh.600971,煤炭开采和洗选业
sh.600973,电气机械和器材制造业
sh.600975,畜牧业
sh.600976,批发业
sh.600977,广播、电视、电影和录音制作业
sh.600979,电力、热力生产和供应业
sh.600980,专用设备制造业
sh.600981,批发业
sh.600982,电力、热力生产和供应业
sh.600983,电气机械和器材制造业
sh.600984,租赁业
sh.600985,煤炭开采和洗选业
sh.600986,互联网和相关服务
sh.600987,纺织业
sh.600988,有色金属矿采选业
sh.600989,化学原料和化学制品制造业
sh.600990,计算机、通信和其他电子设备制造业
sh.600992,金属制品业
sh.600993,医药制造业
sh.600995,电力、热力生产和供应业
sh.600996,电信、广播电视和卫星传输服务
sh.600997,石油、煤炭及其他燃料加工业
sh.600998,批发业
sh.600999,资本市场服务
sh.601000,水上运输业
sh.601001,煤炭开采和洗选业
sh.601002,通用设备制造业
sh.601003,黑色金属冶炼和压延加工业
sh.601005,黑色金属冶炼和压延加工业
sh.601006,铁路运输业
sh.601007,住宿业
sh.601008,水上运输业
sh.601009,货币金融服务
sh.601010,零售业
sh.601011,石油、煤炭及其他燃料加工业
sh.601012,电气机械和器材制造业
sh.601015,石油、煤炭及其他燃料加工业
sh.601016,电力、热力生产和供应业
sh.601018,水上运输业
sh.601019,新闻和出版业
sh.601020,有色金属矿采选业
sh.601021,航空运输业
sh.601022,水上运输业
sh.601026,化学原料和化学制品制造业
sh.601033,生态保护和环境治理业
sh.601038,专用设备制造业
sh.601058,橡胶和塑料制品业
sh.601059,资本市场服务
sh.601061,批发业
sh.601065,化学原料和化学制品制造业
sh.601066,资本市场服务
sh.601068,土木工程建筑业
sh.601069,有色金属矿采选业
sh.601077,货币金融服务
sh.601083,水上运输业
sh.601086,零售业
sh.601088,煤炭开采和洗选业
sh.601089,医药制造业
sh.601096,金属制品业
sh.601098,新闻和出版业
sh.601099,资本市场服务
sh.601100,通用设备制造业
sh.601101,煤炭开采和洗选业
sh.601106,专用设备制造业
sh.601107,道路运输业
sh.601108,资本市场服务
sh.601111,航空运输业
sh.601112,非金属矿物制品业
sh.601113,零售业
sh.601116,零售业
sh.601117,土木工程建筑业
sh.601118,农业
sh.601121,黑色金属矿采选业
sh.601126,电气机械和器材制造业
sh.601127,汽车制造业
sh.601128,货币金融服务
sh.601133,建筑安装业
sh.601136,资本市场服务
sh.601137,有色金属冶炼和压延加工业
sh.601138,计算机、通信和其他电子设备制造业
sh.601139,燃气生产和供应业
sh.601155,房地产业
sh.601156,航空运输业
sh.601158,水的生产和供应业
sh.601162,资本市场服务
sh.601163,橡胶和塑料制品业
sh.601166,货币金融服务
sh.601168,有色金属矿采选业
sh.601169,货币金融服务
sh.601177,通用设备制造业
sh.601179,电气机械和器材制造业
sh.601186,土木工程建筑业
sh.601187,货币金融服务
sh.601188,道路运输业
sh.601198,资本市场服务
sh.601199,水的生产和供应业
sh.601200,生态保护和环境治理业
sh.601208,化学原料和化学制品制造业
sh.601211,资本市场服务
sh.601212,有色金属冶炼和压延加工业
sh.601216,化学原料和化学制品制造业
sh.601218,金属制品业
sh.601222,电气机械和器材制造业
sh.601225,煤炭开采和洗选业
sh.601226,专业技术服务业
sh.601228,水上运输业
sh.601229,货币金融服务
sh.601231,计算机、通信和其他电子设备制造业
sh.601233,化学纤维制造业
sh.601236,资本市场服务
sh.601238,汽车制造业
sh.601279,汽车制造业
sh.601288,货币金融服务
sh.601298,水上运输业
sh.601311,电气机械和器材制造业
sh.601318,保险业
sh.601319,保险业
sh.601326,水上运输业
sh.601328,货币金融服务
sh.601330,生态保护和环境治理业
sh.601333,铁路运输业
sh.601336,保险业
sh.601339,纺织业
sh.601360,互联网和相关服务
sh.601366,零售业
sh.601368,水的生产和供应业
sh.601369,通用设备制造业
sh.601375,资本市场服务
sh.601377,资本市场服务
sh.601388,废弃资源综合利用业
sh.601390,土木工程建筑业
sh.601398,货币金融服务
sh.601399,专用设备制造业
sh.601456,资本市场服务
sh.601500,橡胶和塑料制品业
sh.601512,房地产业
sh.601515,医药制造业
sh.601518,道路运输业
sh.601519,其他金融业
sh.601528,货币金融服务
sh.601555,资本市场服务
sh.601566,纺织服装、服饰业
sh.601567,仪器仪表制造业
sh.601568,化学原料和化学制品制造业
sh.601577,货币金融服务
sh.601579,酒、饮料和精制茶制造业
sh.601588,房地产业
sh.601595,广播、电视、电影和录音制作业
sh.601598,多式联运和运输代理业
sh.601599,纺织业
sh.601600,有色金属冶炼和压延加工业
sh.601601,保险业
sh.601606,金属制品业
sh.601607,零售业
sh.601608,专用设备制造业
sh.601609,有色金属冶炼和压延加工业
sh.601611,土木工程建筑业
sh.601615,通用设备制造业
sh.601616,电气机械和器材制造业
sh.601618,土木工程建筑业
sh.601619,电力、热力生产和供应业
sh.601628,保险业
sh.601633,汽车制造业
sh.601636,非金属矿物制品业
sh.601658,货币金融服务
sh.601665,货币金融服务
sh.601666,煤炭开采和洗选业
sh.601668,土木工程建筑业
sh.601669,土木工程建筑业
sh.601677,有色金属冶炼和压延加工业
sh.601678,化学原料和化学制品制造业
sh.601686,金属制品业
sh.601688,资本市场服务
sh.601689,汽车制造业
sh.601696,资本市场服务
sh.601698,电信、广播电视和卫星传输服务
sh.601699,煤炭开采和洗选业
sh.601700,金属制品业
sh.601702,有色金属冶炼和压延加工业
sh.601717,专用设备制造业
sh.601718,纺织服装、服饰业
sh.601727,通用设备制造业
sh.601728,电信、广播电视和卫星传输服务
sh.601766,铁路、船舶、航空航天和其他运输设备制造业
sh.601777,汽车制造业
sh.601778,电力、热力生产和供应业
sh.601788,资本市场服务
sh.601789,土木工程建筑业
sh.601798,专用设备制造业
sh.601799,汽车制造业
sh.601800,土木工程建筑业
sh.601801,新闻和出版业
sh.601808,开采专业及辅助性活动
sh.601811,新闻和出版业
sh.601816,铁路运输业
sh.601818,货币金融服务
sh.601825,货币金融服务
sh.601827,生态保护和环境治理业
sh.601828,商务服务业
sh.601838,货币金融服务
sh.601857,石油和天然气开采业
sh.601858,新闻和出版业
sh.601860,货币金融服务
sh.601865,非金属矿物制品业
sh.601866,水上运输业
sh.601868,土木工程建筑业
sh.601869,计算机、通信和其他电子设备制造业
sh.601872,水上运输业
sh.601877,电气机械和器材制造业
sh.601878,资本市场服务
sh.601880,水上运输业
sh.601881,资本市场服务
sh.601882,通用设备制造业
sh.601886,建筑装饰、装修和其他建筑业
sh.601888,商务服务业
sh.601890,铁路、船舶、航空航天和其他运输设备制造业
sh.601898,煤炭开采和洗选业
sh.601899,有色金属矿采选业
sh.601900,新闻和出版业
sh.601901,资本市场服务
sh.601908,电气机械和器材制造业
sh.601916,货币金融服务
sh.601918,煤炭开采和洗选业
sh.601919,水上运输业
sh.601921,新闻和出版业
sh.601928,新闻和出版业
sh.601929,电信、广播电视和卫星传输服务
sh.601933,零售业
sh.601939,货币金融服务
sh.601949,新闻和出版业
sh.601952,农副食品加工业
sh.601956,通用设备制造业
sh.601958,有色金属矿采选业
sh.601963,货币金融服务
sh.601965,专业技术服务业
sh.601966,橡胶和塑料制品业
sh.601968,金属制品业
sh.601969,黑色金属矿采选业
sh.601975,水上运输业
sh.601985,电力、热力生产和供应业
sh.601988,货币金融服务
sh.601990,资本市场服务
sh.601991,电力、热力生产和供应业
sh.601992,非金属矿物制品业
sh.601995,资本市场服务
sh.601996,木材加工和木、竹、藤、棕、草制品业
sh.601997,货币金融服务
sh.601998,货币金融服务
sh.601999,新闻和出版业
sh.603000,互联网和相关服务
sh.603001,皮革、毛皮、羽毛及其制品和制鞋业
sh.603002,计算机、通信和其他电子设备制造业
sh.603004,化学原料和化学制品制造业
sh.603005,计算机、通信和其他电子设备制造业
sh.603006,汽车制造业
sh.603007,土木工程建筑业
sh.603008,家具制造业
sh.603009,汽车制造业
sh.603010,化学原料和化学制品制造业
sh.603011,通用设备制造业
sh.603012,专用设备制造业
sh.603013,汽车制造业
sh.603014,专用设备制造业
sh.603015,仪器仪表制造业
sh.603016,电气机械和器材制造业
sh.603017,专业技术服务业
sh.603018,专业技术服务业
sh.603019,计算机、通信和其他电子设备制造业
sh.603020,食品制造业
sh.603021,非金属矿物制品业
sh.603022,木材加工和木、竹、藤、棕、草制品业
sh.603023,计算机、通信和其他电子设备制造业
sh.603025,计算机、通信和其他电子设备制造业
sh.603026,化学原料和化学制品制造业
sh.603027,食品制造业
sh.603028,金属制品业
sh.603029,专用设备制造业
sh.603030,建筑装饰、装修和其他建筑业
sh.603031,电气机械和器材制造业
sh.603032,专用设备制造业
sh.603033,橡胶和塑料制品业
sh.603035,汽车制造业
sh.603036,专用设备制造业
sh.603037,汽车制造业
sh.603038,其他制造业
sh.603039,软件和信息技术服务业
sh.603040,汽车制造业
sh.603041,化学原料和化学制品制造业
sh.603042,计算机、通信和其他电子设备制造业
sh.603043,食品制造业
sh.603045,电气机械和器材制造业
sh.603048,汽车制造业
sh.603049,橡胶和塑料制品业
sh.603050,电气机械和器材制造业
sh.603051,橡胶和塑料制品业
sh.603052,计算机、通信和其他电子设备制造业
sh.603053,燃气生产和供应业
sh.603055,纺织业
sh.603057,农副食品加工业
sh.603058,印刷和记录媒介复制业
sh.603059,其他制造业
sh.603060,专业技术服务业
sh.603061,专用设备制造业
sh.603062,化学原料和化学制品制造业
sh.603063,电气机械和器材制造业
sh.603065,化学原料和化学制品制造业
sh.603066,装卸搬运和仓储业
sh.603067,化学原料和化学制品制造业
sh.603068,计算机、通信和其他电子设备制造业
sh.603069,道路运输业
sh.603070,电气机械和器材制造业
sh.603071,批发业
sh.603072,计算机、通信和其他电子设备制造业
sh.603073,纺织业
sh.603075,电气机械和器材制造业
sh.603076,专用设备制造业
sh.603077,化学原料和化学制品制造业
sh.603078,化学原料和化学制品制造业
sh.603079,食品制造业
sh.603080,燃气生产和供应业
sh.603081,专用设备制造业
sh.603082,通用设备制造业
sh.603083,计算机、通信和其他电子设备制造业
sh.603085,汽车制造业
sh.603086,化学原料和化学制品制造业
sh.603087,医药制造业
sh.603088,通用设备制造业
sh.603089,汽车制造业
sh.603090,通用设备制造业
sh.603091,造纸和纸制品业
sh.603092,通用设备制造业
sh.603093,资本市场服务
sh.603095,专用设备制造业
sh.603096,新闻和出版业
sh.603097,电气机械和器材制造业
sh.603098,建筑装饰、装修和其他建筑业
sh.603099,公共设施管理业
sh.603100,仪器仪表制造业
sh.603101,零售业
sh.603102,食品制造业
sh.603103,广播、电视、电影和录音制作业
sh.603105,电力、热力生产和供应业
sh.603106,计算机、通信和其他电子设备制造业
sh.603107,汽车制造业
sh.603108,批发业
sh.603109,电气机械和器材制造业
sh.603110,化学原料和化学制品制造业
sh.603111,铁路、船舶、航空航天和其他运输设备制造业
sh.603112,金属制品业
sh.603113,化学原料和化学制品制造业
sh.603115,计算机、通信和其他电子设备制造业
sh.603116,皮革、毛皮、羽毛及其制品和制鞋业
sh.603117,水上运输业
sh.603118,计算机、通信和其他电子设备制造业
sh.603119,非金属矿物制品业
sh.603120,化学原料和化学制品制造业
sh.603121,汽车制造业
sh.603122,批发业
sh.603123,零售业
sh.603124,计算机、通信和其他电子设备制造业
sh.603125,化学原料和化学制品制造业
sh.603126,专业技术服务业
sh.603127,研究和试验发展
sh.603128,多式联运和运输代理业
sh.603129,铁路、船舶、航空航天和其他运输设备制造业
sh.603130,纺织业
sh.603131,通用设备制造业
sh.603132,有色金属矿采选业
sh.603135,专用设备制造业
sh.603136,公共设施管理业
sh.603137,建筑装饰、装修和其他建筑业
sh.603138,软件和信息技术服务业
sh.603139,医药制造业
sh.603150,电气机械和器材制造业
sh.603151,农副食品加工业
sh.603153,专业技术服务业
sh.603155,化学原料和化学制品制造业
sh.603156,酒、饮料和精制茶制造业
sh.603158,汽车制造业
sh.603159,橡胶和塑料制品业
sh.603160,计算机、通信和其他电子设备制造业
sh.603161,汽车制造业
sh.603162,水上运输业
sh.603163,建筑安装业
sh.603165,造纸和纸制品业
sh.603166,汽车制造业
sh.603167,水上运输业
sh.603168,医药制造业
sh.603169,专用设备制造业
sh.603170,食品制造业
sh.603171,互联网和相关服务
sh.603172,化学原料和化学制品制造业
sh.603173,通用设备制造业
sh.603175,计算机、通信和其他电子设备制造业
sh.603176,土木工程建筑业
sh.603177,生态保护和环境治理业
sh.603178,汽车制造业
sh.603179,汽车制造业
sh.603180,家具制造业
sh.603181,化学原料和化学制品制造业
sh.603182,农副食品加工业
sh.603183,专业技术服务业
sh.603185,电气机械和器材制造业
sh.603186,计算机、通信和其他电子设备制造业
sh.603187,通用设备制造业
sh.603188,化学原料和化学制品制造业
sh.603189,软件和信息技术服务业
sh.603190,汽车制造业
sh.603191,电气机械和器材制造业
sh.603192,化学原料和化学制品制造业
sh.603193,化学原料和化学制品制造业
sh.603194,通用设备制造业
sh.603195,电气机械和器材制造业
sh.603196,纺织服装、服饰业
sh.603197,汽车制造业
sh.603198,酒、饮料和精制茶制造业
sh.603199,公共设施管理业
sh.603200,生态保护和环境治理业
sh.603201,通用设备制造业
sh.603202,汽车制造业
sh.603203,专用设备制造业
sh.603205,专用设备制造业
sh.603206,软件和信息技术服务业
sh.603207,医药制造业
sh.603208,木材加工和木、竹、藤、棕、草制品业
sh.603209,水上运输业
sh.603210,汽车制造业
sh.603211,汽车制造业
sh.603212,橡胶和塑料制品业
sh.603213,化学原料和化学制品制造业
sh.603214,零售业
sh.603215,电气机械和器材制造业
sh.603216,木材加工和木、竹、藤、棕、草制品业
sh.603217,化学原料和化学制品制造业
sh.603218,通用设备制造业
sh.603219,电气机械和器材制造业
sh.603220,软件和信息技术服务业
sh.603221,橡胶和塑料制品业
sh.603222,专用设备制造业
sh.603223,燃气生产和供应业
sh.603225,化学纤维制造业
sh.603226,木材加工和木、竹、藤、棕、草制品业
sh.603227,化学原料和化学制品制造业
sh.603228,计算机、通信和其他电子设备制造业
sh.603229,医药制造业
sh.603230,新闻和出版业
sh.603231,农副食品加工业
sh.603232,软件和信息技术服务业
sh.603233,零售业
sh.603235,食品制造业
sh.603236,计算机、通信和其他电子设备制造业
sh.603237,食品制造业
sh.603238,纺织业
sh.603239,汽车制造业
sh.603248,通用设备制造业
sh.603255,化学原料和化学制品制造业
sh.603256,非金属矿物制品业
sh.603257,专业技术服务业
sh.603258,互联网和相关服务
sh.603259,研究和试验发展
sh.603260,化学原料和化学制品制造业
sh.603261,铁路、船舶、航空航天和其他运输设备制造业
sh.603262,食品制造业
sh.603266,橡胶和塑料制品业
sh.603267,计算机、通信和其他电子设备制造业
sh.603268,铁路、船舶、航空航天和其他运输设备制造业
sh.603269,通用设备制造业
sh.603270,通用设备制造业
sh.603271,有色金属冶炼和压延加工业
sh.603272,文教、工美、体育和娱乐用品制造业
sh.603273,专用设备制造业
sh.603275,仪器仪表制造业
sh.603276,化学原料和化学制品制造业
sh.603277,通用设备制造业
sh.603278,金属制品业
sh.603279,通用设备制造业
sh.603280,专用设备制造业
sh.603281,化学原料和化学制品制造业
sh.603282,专用设备制造业
sh.603283,专用设备制造业
sh.603284,造纸和纸制品业
sh.603285,化学原料和化学制品制造业
sh.603286,汽车制造业
sh.603288,食品制造业
sh.603289,专用设备制造业
sh.603290,计算机、通信和其他电子设备制造业
sh.603291,水的生产和供应业
sh.603293,计算机、通信和其他电子设备制造业
sh.603296,计算机、通信和其他电子设备制造业
sh.603297,仪器仪表制造业
sh.603298,通用设备制造业
sh.603299,化学原料和化学制品制造业
sh.603300,租赁业
sh.603301,医药制造业
sh.603303,电气机械和器材制造业
sh.603305,汽车制造业
sh.603306,汽车制造业
sh.603307,纺织业
sh.603308,通用设备制造业
sh.603309,专用设备制造业
sh.603310,化学原料和化学制品制造业
sh.603311,专用设备制造业
sh.603312,电气机械和器材制造业
sh.603313,家具制造业
sh.603315,生态保护和环境治理业
sh.603316,土木工程建筑业
sh.603317,食品制造业
sh.603318,燃气生产和供应业
sh.603319,汽车制造业
sh.603320,通用设备制造业
sh.603321,通用设备制造业
sh.603322,软件和信息技术服务业
sh.603323,货币金融服务
sh.603324,专用设备制造业
sh.603325,通用设备制造业
sh.603326,家具制造业
sh.603327,计算机、通信和其他电子设备制造业
sh.603328,计算机、通信和其他电子设备制造业
sh.603329,商务服务业
sh.603330,橡胶和塑料制品业
sh.603331,通用设备制造业
sh.603332,化学纤维制造业
sh.603333,电气机械和器材制造业
sh.603334,废弃资源综合利用业
sh.603335,汽车制造业
sh.603336,农副食品加工业
sh.603337,专用设备制造业
sh.603338,专用设备制造业
sh.603339,金属制品业
sh.603341,计算机、通信和其他电子设备制造业
sh.603344,电气机械和器材制造业
sh.603345,农副食品加工业
sh.603348,汽车制造业
sh.603350,电气机械和器材制造业
sh.603351,石油、煤炭及其他燃料加工业
sh.603352,汽车制造业
sh.603353,零售业
sh.603355,电气机械和器材制造业
sh.603356,通用设备制造业
sh.603357,专业技术服务业
sh.603358,汽车制造业
sh.603359,土木工程建筑业
sh.603360,化学原料和化学制品制造业
sh.603363,农副食品加工业
sh.603365,纺织业
sh.603366,电气机械和器材制造业
sh.603367,医药制造业
sh.603368,批发业
sh.603369,酒、饮料和精制茶制造业
sh.603370,电气机械和器材制造业
sh.603373,商务服务业
sh.603375,计算机、通信和其他电子设备制造业
sh.603376,汽车制造业
sh.603377,教育
sh.603378,化学原料和化学制品制造业
sh.603379,化学原料和化学制品制造业
sh.603380,计算机、通信和其他电子设备制造业
sh.603381,电气机械和器材制造业
sh.603382,化学原料和化学制品制造业
sh.603383,软件和信息技术服务业
sh.603385,非金属矿物制品业
sh.603386,计算机、通信和其他电子设备制造业
sh.603387,医药制造业
sh.603389,家具制造业
sh.603390,计算机、通信和其他电子设备制造业
sh.603391,通用设备制造业
sh.603392,医药制造业
sh.603393,燃气生产和供应业
sh.603395,化学原料和化学制品制造业
sh.603396,专用设备制造业
sh.603398,电气机械和器材制造业
sh.603399,有色金属冶炼和压延加工业
sh.603400,通用设备制造业
sh.603402,文化艺术业
sh.603406,化学纤维制造业
sh.603407,化学原料和化学制品制造业
sh.603408,橡胶和塑料制品业
sh.603409,汽车制造业
sh.603416,仪器仪表制造业
sh.603418,汽车制造业
sh.603421,仪器仪表制造业
sh.603429,印刷和记录媒介复制业
sh.603435,计算机、通信和其他电子设备制造业
sh.603439,医药制造业
sh.603444,互联网和相关服务
sh.603456,医药制造业
sh.603458,专业技术服务业
sh.603459,计算机、通信和其他电子设备制造业
sh.603466,文化艺术业
sh.603477,畜牧业
sh.603486,计算机、通信和其他电子设备制造业
sh.603488,通用设备制造业
sh.603489,电气机械和器材制造业
sh.603496,计算机、通信和其他电子设备制造业
sh.603499,印刷和记录媒介复制业
sh.603500,铁路、船舶、航空航天和其他运输设备制造业
sh.603501,计算机、通信和其他电子设备制造业
sh.603505,非金属矿采选业
sh.603506,房地产业
sh.603507,电气机械和器材制造业
sh.603508,铁路、船舶、航空航天和其他运输设备制造业
sh.603511,纺织服装、服饰业
sh.603515,电气机械和器材制造业
sh.603516,计算机、通信和其他电子设备制造业
sh.603517,农副食品加工业
sh.603518,纺织服装、服饰业
sh.603519,电气机械和器材制造业
sh.603520,医药制造业
sh.603527,有色金属冶炼和压延加工业
sh.603528,软件和信息技术服务业
sh.603529,铁路、船舶、航空航天和其他运输设备制造业
sh.603530,电气机械和器材制造业
sh.603533,互联网和相关服务
sh.603535,装卸搬运和仓储业
sh.603536,农副食品加工业
sh.603538,医药制造业
sh.603551,电气机械和器材制造业
sh.603556,仪器仪表制造业
sh.603557,皮革、毛皮、羽毛及其制品和制鞋业
sh.603558,纺织服装、服饰业
sh.603559,电信、广播电视和卫星传输服务
sh.603565,水上运输业
sh.603566,医药制造业
sh.603567,医药制造业
sh.603568,生态保护和环境治理业
sh.603569,道路运输业
sh.603577,金属制品业
sh.603578,非金属矿物制品业
sh.603579,电气机械和器材制造业
sh.603580,橡胶和塑料制品业
sh.603583,电气机械和器材制造业
sh.603585,化学原料和化学制品制造业
sh.603586,汽车制造业
sh.603587,纺织服装、服饰业
sh.603588,生态保护和环境治理业
sh.603589,酒、饮料和精制茶制造业
sh.603590,医药制造业
sh.603595,计算机、通信和其他电子设备制造业
sh.603596,汽车制造业
sh.603598,商务服务业
sh.603599,化学原料和化学制品制造业
sh.603600,家具制造业
sh.603601,非金属矿物制品业
sh.603602,软件和信息技术服务业
sh.603605,化学原料和化学制品制造业
sh.603606,电气机械和器材制造业
sh.603607,造纸和纸制品业
sh.603608,皮革、毛皮、羽毛及其制品和制鞋业
sh.603609,农副食品加工业
sh.603610,家具制造业
sh.603611,通用设备制造业
sh.603612,非金属矿物制品业
sh.603613,互联网和相关服务
sh.603615,橡胶和塑料制品业
sh.603616,非金属矿物制品业
sh.603617,通用设备制造业
sh.603618,电气机械和器材制造业
sh.603619,石油和天然气开采业
sh.603626,金属制品业
sh.603628,电气机械和器材制造业
sh.603629,金属制品业
sh.603630,化学原料和化学制品制造业
sh.603633,计算机、通信和其他电子设备制造业
sh.603636,软件和信息技术服务业
sh.603637,土木工程建筑业
sh.603638,专用设备制造业
sh.603639,化学原料和化学制品制造业
sh.603648,商务服务业
sh.603650,化学原料和化学制品制造业
sh.603655,橡胶和塑料制品业
sh.603656,专用设备制造业
sh.603657,橡胶和塑料制品业
sh.603658,医药制造业
sh.603659,计算机、通信和其他电子设备制造业
sh.603660,计算机、通信和其他电子设备制造业
sh.603661,家具制造业
sh.603662,计算机、通信和其他电子设备制造业
sh.603663,非金属矿物制品业
sh.603665,纺织业
sh.603666,通用设备制造业
sh.603667,通用设备制造业
sh.603668,农副食品加工业
sh.603669,医药制造业
sh.603676,医药制造业
sh.603677,电气机械和器材制造业
sh.603678,计算机、通信和其他电子设备制造业
sh.603679,电气机械和器材制造业
sh.603680,铁路、船舶、航空航天和其他运输设备制造业
sh.603681,化学原料和化学制品制造业
sh.603682,商务服务业
sh.603683,化学原料和化学制品制造业
sh.603685,电气机械和器材制造业
sh.603686,公共设施管理业
sh.603687,造纸和纸制品业
sh.603688,非金属矿物制品业
sh.603689,燃气生产和供应业
sh.603690,专用设备制造业
sh.603693,电力、热力生产和供应业
sh.603696,食品制造业
sh.603697,农副食品加工业
sh.603698,专用设备制造业
sh.603699,通用设备制造业
sh.603700,仪器仪表制造业
sh.603701,电气机械和器材制造业
sh.603703,电气机械和器材制造业
sh.603706,燃气生产和供应业
sh.603707,医药制造业
sh.603708,零售业
sh.603709,家具制造业
sh.603711,酒、饮料和精制茶制造业
sh.603712,计算机、通信和其他电子设备制造业
sh.603713,多式联运和运输代理业
sh.603716,批发业
sh.603717,畜牧业
sh.603718,医药制造业
sh.603719,零售业
sh.603721,广播、电视、电影和录音制作业
sh.603722,化学原料和化学制品制造业
sh.603725,非金属矿物制品业
sh.603726,橡胶和塑料制品业
sh.603727,开采专业及辅助性活动
sh.603728,电气机械和器材制造业
sh.603729,商务服务业
sh.603730,汽车制造业
sh.603733,造纸和纸制品业
sh.603737,化学原料和化学制品制造业
sh.603738,计算机、通信和其他电子设备制造业
sh.603739,食品制造业
sh.603755,食品制造业
sh.603757,通用设备制造业
sh.603758,汽车制造业
sh.603759,水的生产和供应业
sh.603766,铁路、船舶、航空航天和其他运输设备制造业
sh.603767,汽车制造业
sh.603768,汽车制造业
sh.603773,计算机、通信和其他电子设备制造业
sh.603776,软件和信息技术服务业
sh.603777,零售业
sh.603778,电气机械和器材制造业
sh.603779,酒、饮料和精制茶制造业
sh.603786,汽车制造业
sh.603787,铁路、船舶、航空航天和其他运输设备制造业
sh.603788,汽车制造业
sh.603789,专用设备制造业
sh.603790,化学原料和化学制品制造业
sh.603797,生态保护和环境治理业
sh.603798,石油、煤炭及其他燃料加工业
sh.603799,有色金属冶炼和压延加工业
sh.603800,专用设备制造业
sh.603801,家具制造业
sh.603803,计算机、通信和其他电子设备制造业
sh.603806,橡胶和塑料制品业
sh.603808,纺织服装、服饰业
sh.603809,汽车制造业
sh.603810,化学原料和化学制品制造业
sh.603811,医药制造业
sh.603813,道路运输业
sh.603815,土木工程建筑业
sh.603816,家具制造业
sh.603817,水的生产和供应业
sh.603818,家具制造业
sh.603819,电气机械和器材制造业
sh.603822,石油、煤炭及其他燃料加工业
sh.603823,化学原料和化学制品制造业
sh.603825,商务服务业
sh.603826,化学原料和化学制品制造业
sh.603828,建筑装饰、装修和其他建筑业
sh.603829,电气机械和器材制造业
sh.603833,家具制造业
sh.603836,商务服务业
sh.603838,非金属矿物制品业
sh.603839,纺织服装、服饰业
sh.603843,土木工程建筑业
sh.603848,金属制品业
sh.603855,专用设备制造业
sh.603856,橡胶和塑料制品业
sh.603858,医药制造业
sh.603859,软件和信息技术服务业
sh.603860,专业技术服务业
sh.603861,电气机械和器材制造业
sh.603863,造纸和纸制品业
sh.603866,食品制造业
sh.603867,化学原料和化学制品制造业
sh.603868,电气机械和器材制造业
sh.603869,软件和信息技术服务业
sh.603871,多式联运和运输代理业
sh.603876,有色金属冶炼和压延加工业
sh.603877,纺织服装、服饰业
sh.603878,黑色金属冶炼和压延加工业
sh.603879,化学原料和化学制品制造业
sh.603880,医药制造业
sh.603881,软件和信息技术服务业
sh.603882,卫生
sh.603883,零售业
sh.603885,航空运输业
sh.603886,食品制造业
sh.603887,软件和信息技术服务业
sh.603888,互联网和相关服务
sh.603889,纺织业
sh.603890,计算机、通信和其他电子设备制造业
sh.603893,计算机、通信和其他电子设备制造业
sh.603895,专用设备制造业
sh.603896,医药制造业
sh.603897,电气机械和器材制造业
sh.603898,家具制造业
sh.603899,文教、工美、体育和娱乐用品制造业
sh.603900,零售业
sh.603901,通用设备制造业
sh.603903,生态保护和环境治理业
sh.603906,计算机、通信和其他电子设备制造业
sh.603908,纺织业
sh.603909,土木工程建筑业
sh.603912,通用设备制造业
sh.603915,通用设备制造业
sh.603916,化学原料和化学制品制造业
sh.603917,专用设备制造业
sh.603918,软件和信息技术服务业
sh.603919,酒、饮料和精制茶制造业
sh.603920,计算机、通信和其他电子设备制造业
sh.603922,汽车制造业
sh.603926,汽车制造业
sh.603927,软件和信息技术服务业
sh.603928,化学原料和化学制品制造业
sh.603929,建筑安装业
sh.603931,化学原料和化学制品制造业
sh.603933,计算机、通信和其他电子设备制造业
sh.603936,计算机、通信和其他电子设备制造业
sh.603937,金属制品业
sh.603938,化学原料和化学制品制造业
sh.603939,零售业
sh.603948,化学原料和化学制品制造业
sh.603949,汽车制造业
sh.603950,汽车制造业
sh.603955,土木工程建筑业
sh.603956,专用设备制造业
sh.603958,皮革、毛皮、羽毛及其制品和制鞋业
sh.603959,土木工程建筑业
sh.603960,专用设备制造业
sh.603966,通用设备制造业
sh.603967,多式联运和运输代理业
sh.603968,化学原料和化学制品制造业
sh.603969,金属制品业
sh.603970,批发业
sh.603976,医药制造业
sh.603977,化学原料和化学制品制造业
sh.603978,有色金属冶炼和压延加工业
sh.603979,开采专业及辅助性活动
sh.603980,化学原料和化学制品制造业
sh.603982,汽车制造业
sh.603983,化学原料和化学制品制造业
sh.603985,金属制品业
sh.603986,计算机、通信和其他电子设备制造业
sh.603987,专用设备制造业
sh.603988,电气机械和器材制造业
sh.603989,计算机、通信和其他电子设备制造业
sh.603990,软件和信息技术服务业
sh.603991,橡胶和塑料制品业
sh.603992,橡胶和塑料制品业
sh.603993,有色金属矿采选业
sh.603995,黑色金属冶炼和压延加工业
sh.603997,汽车制造业
sh.603998,医药制造业
sh.603999,新闻和出版业
sh.605001,铁路、船舶、航空航天和其他运输设备制造业
sh.605003,纺织业
sh.605005,汽车制造业
sh.605006,非金属矿物制品业
sh.605007,造纸和纸制品业
sh.605008,化学原料和化学制品制造业
sh.605009,造纸和纸制品业
sh.605011,电力、热力生产和供应业
sh.605016,食品制造业
sh.605018,汽车制造业
sh.605020,化学原料和化学制品制造业
sh.605028,电力、热力生产和供应业
sh.605033,化学原料和化学制品制造业
sh.605050,多式联运和运输代理业
sh.605055,纺织业
sh.605056,批发业
sh.605058,计算机、通信和其他电子设备制造业
sh.605060,通用设备制造业
sh.605066,电气机械和器材制造业
sh.605068,皮革、毛皮、羽毛及其制品和制鞋业
sh.605069,生态保护和环境治理业
sh.605077,食品制造业
sh.605080,纺织业
sh.605081,生态保护和环境治理业
sh.605086,非金属矿采选业
sh.605088,汽车制造业
sh.605089,农副食品加工业
sh.605090,燃气生产和供应业
sh.605098,教育
sh.605099,橡胶和塑料制品业
sh.605100,通用设备制造业
sh.605108,餐饮业
sh.605111,计算机、通信和其他电子设备制造业
sh.605116,医药制造业
sh.605117,电气机械和器材制造业
sh.605118,计算机、通信和其他电子设备制造业
sh.605122,非金属矿物制品业
sh.605123,金属制品业
sh.605128,汽车制造业
sh.605133,汽车制造业
sh.605136,零售业
sh.605138,纺织服装、服饰业
sh.605151,汽车制造业
sh.605155,纺织业
sh.605158,金属制品业
sh.605162,电力、热力生产和供应业
sh.605166,化学原料和化学制品制造业
sh.605167,土木工程建筑业
sh.605168,商务服务业
sh.605169,燃气生产和供应业
sh.605177,医药制造业
sh.605178,建筑装饰、装修和其他建筑业
sh.605179,食品制造业
sh.605180,纺织业
sh.605183,化学原料和化学制品制造业
sh.605186,专用设备制造业
sh.605188,零售业
sh.605189,纺织业
sh.605196,电气机械和器材制造业
sh.605198,酒、饮料和精制茶制造业
sh.605199,医药制造业
sh.605208,有色金属冶炼和压延加工业
sh.605218,计算机、通信和其他电子设备制造业
sh.605222,电气机械和器材制造业
sh.605228,汽车制造业
sh.605255,橡胶和塑料制品业
sh.605258,计算机、通信和其他电子设备制造业
sh.605259,通用设备制造业
sh.605266,零售业
sh.605268,金属制品业
sh.605277,电气机械和器材制造业
sh.605286,通用设备制造业
sh.605287,建筑装饰、装修和其他建筑业
sh.605288,电气机械和器材制造业
sh.605289,建筑装饰、装修和其他建筑业
sh.605296,畜牧业
sh.605298,铁路、船舶、航空航天和其他运输设备制造业
sh.605299,文教、工美、体育和娱乐用品制造业
sh.605300,食品制造业
sh.605303,土木工程建筑业
sh.605305,专用设备制造业
sh.605318,其他制造业
sh.605319,汽车制造业
sh.605333,汽车制造业
sh.605336,电气机械和器材制造业
sh.605337,酒、饮料和精制茶制造业
sh.605338,食品制造业
sh.605339,食品制造业
sh.605358,计算机、通信和其他电子设备制造业
sh.605365,电气机械和器材制造业
sh.605366,化学原料和化学制品制造业
sh.605368,燃气生产和供应业
sh.605369,专用设备制造业
sh.605376,计算机、通信和其他电子设备制造业
sh.605377,造纸和纸制品业
sh.605378,电气机械和器材制造业
sh.605388,酒、饮料和精制茶制造业
sh.605389,通用设备制造业
sh.605398,软件和信息技术服务业
sh.605399,化学原料和化学制品制造业
sh.605488,橡胶和塑料制品业
sh.605499,酒、饮料和精制茶制造业
sh.605500,造纸和纸制品业
sh.605507,医药制造业
sh.605555,电气机械和器材制造业
sh.605566,化学原料和化学制品制造业
sh.605567,农副食品加工业
sh.605577,新闻和出版业
sh.605580,电力、热力生产和供应业
sh.605588,计算机、通信和其他电子设备制造业
sh.605589,化学原料和化学制品制造业
sh.605598,土木工程建筑业
sh.605599,零售业
sh.688001,专用设备制造业
sh.688002,计算机、通信和其他电子设备制造业
sh.688003,专用设备制造业
sh.688004,软件和信息技术服务业
sh.688005,计算机、通信和其他电子设备制造业
sh.688006,专用设备制造业
sh.688007,计算机、通信和其他电子设备制造业
sh.688008,计算机、通信和其他电子设备制造业
sh.688009,铁路、船舶、航空航天和其他运输设备制造业
sh.688010,仪器仪表制造业
sh.688011,计算机、通信和其他电子设备制造业
sh.688012,专用设备制造业
sh.688013,专用设备制造业
sh.688015,铁路、船舶、航空航天和其他运输设备制造业
sh.688016,专用设备制造业
sh.688017,通用设备制造业
sh.688018,软件和信息技术服务业
sh.688019,计算机、通信和其他电子设备制造业
sh.688020,计算机、通信和其他电子设备制造业
sh.688021,专用设备制造业
sh.688022,专用设备制造业
sh.688023,软件和信息技术服务业
sh.688025,计算机、通信和其他电子设备制造业
sh.688026,橡胶和塑料制品业
sh.688027,计算机、通信和其他电子设备制造业
sh.688028,通用设备制造业
sh.688029,专用设备制造业
sh.688030,软件和信息技术服务业
sh.688031,软件和信息技术服务业
sh.688032,电气机械和器材制造业
sh.688033,非金属矿物制品业
sh.688035,计算机、通信和其他电子设备制造业
sh.688036,计算机、通信和其他电子设备制造业
sh.688037,专用设备制造业
sh.688038,软件和信息技术服务业
sh.688039,软件和信息技术服务业
sh.688041,计算机、通信和其他电子设备制造业
sh.688045,软件和信息技术服务业
sh.688046,研究和试验发展
sh.688047,计算机、通信和其他电子设备制造业
sh.688048,计算机、通信和其他电子设备制造业
sh.688049,计算机、通信和其他电子设备制造业
sh.688050,专用设备制造业
sh.688051,软件和信息技术服务业
sh.688052,软件和信息技术服务业
sh.688053,专业技术服务业
sh.688055,计算机、通信和其他电子设备制造业
sh.688056,仪器仪表制造业
sh.688057,生态保护和环境治理业
sh.688058,软件和信息技术服务业
sh.688059,金属制品业
sh.688060,软件和信息技术服务业
sh.688061,软件和信息技术服务业
sh.688062,医药制造业
sh.688063,电气机械和器材制造业
sh.688065,化学纤维制造业
sh.688066,软件和信息技术服务业
sh.688067,医药制造业
sh.688068,医药制造业
sh.688069,生态保护和环境治理业
sh.688070,铁路、船舶、航空航天和其他运输设备制造业
sh.688071,专用设备制造业
sh.688072,专用设备制造业
sh.688073,研究和试验发展
sh.688075,医药制造业
sh.688076,医药制造业
sh.688077,非金属矿物制品业
sh.688078,软件和信息技术服务业
sh.688079,计算机、通信和其他电子设备制造业
sh.688080,计算机、通信和其他电子设备制造业
sh.688081,计算机、通信和其他电子设备制造业
sh.688082,专用设备制造业
sh.688083,软件和信息技术服务业
sh.688084,专用设备制造业
sh.688085,专用设备制造业
sh.688087,废弃资源综合利用业
sh.688088,软件和信息技术服务业
sh.688089,食品制造业
sh.688090,通用设备制造业
sh.688091,医药制造业
sh.688092,通用设备制造业
sh.688093,计算机、通信和其他电子设备制造业
sh.688095,软件和信息技术服务业
sh.688096,专用设备制造业
sh.688097,专用设备制造业
sh.688098,医药制造业
sh.688099,软件和信息技术服务业
sh.688100,计算机、通信和其他电子设备制造业
sh.688101,专用设备制造业
sh.688102,有色金属冶炼和压延加工业
sh.688103,计算机、通信和其他电子设备制造业
sh.688105,研究和试验发展
sh.688106,化学原料和化学制品制造业
sh.688107,计算机、通信和其他电子设备制造业
sh.688108,专用设备制造业
sh.688109,软件和信息技术服务业
sh.688110,计算机、通信和其他电子设备制造业
sh.688111,软件和信息技术服务业
sh.688112,仪器仪表制造业
sh.688113,专用设备制造业
sh.688114,专用设备制造业
sh.688115,仪器仪表制造业
sh.688116,化学原料和化学制品制造业
sh.688117,医药制造业
sh.688118,软件和信息技术服务业
sh.688119,非金属矿物制品业
sh.688120,专用设备制造业
sh.688121,专用设备制造业
sh.688122,有色金属冶炼和压延加工业
sh.688123,计算机、通信和其他电子设备制造业
sh.688125,专用设备制造业
sh.688126,计算机、通信和其他电子设备制造业
sh.688127,仪器仪表制造业
sh.688128,专用设备制造业
sh.688129,化学原料和化学制品制造业
sh.688130,软件和信息技术服务业
sh.688131,研究和试验发展
sh.688132,计算机、通信和其他电子设备制造业
sh.688133,研究和试验发展
sh.688135,计算机、通信和其他电子设备制造业
sh.688136,医药制造业
sh.688137,研究和试验发展
sh.688138,计算机、通信和其他电子设备制造业
sh.688139,专用设备制造业
sh.688141,软件和信息技术服务业
sh.688143,计算机、通信和其他电子设备制造业
sh.688146,计算机、通信和其他电子设备制造业
sh.688147,专用设备制造业
sh.688148,计算机、通信和其他电子设备制造业
sh.688150,计算机、通信和其他电子设备制造业
sh.688151,医药制造业
sh.688152,软件和信息技术服务业
sh.688153,计算机、通信和其他电子设备制造业
sh.688155,专用设备制造业
sh.688156,生态保护和环境治理业
sh.688157,化学原料和化学制品制造业
sh.688158,互联网和相关服务
sh.688159,计算机、通信和其他电子设备制造业
sh.688160,仪器仪表制造业
sh.688161,专用设备制造业
sh.688162,专用设备制造业
sh.688163,医药制造业
sh.688165,通用设备制造业
sh.688166,医药制造业
sh.688167,计算机、通信和其他电子设备制造业
sh.688168,软件和信息技术服务业
sh.688169,计算机、通信和其他电子设备制造业
sh.688170,专用设备制造业
sh.688171,软件和信息技术服务业
sh.688172,计算机、通信和其他电子设备制造业
sh.688173,软件和信息技术服务业
sh.688175,计算机、通信和其他电子设备制造业
sh.688176,医药制造业
sh.688177,医药制造业
sh.688178,生态保护和环境治理业
sh.688179,研究和试验发展
sh.688180,医药制造业
sh.688181,计算机、通信和其他电子设备制造业
sh.688182,计算机、通信和其他电子设备制造业
sh.688183,计算机、通信和其他电子设备制造业
sh.688184,计算机、通信和其他电子设备制造业
sh.688185,医药制造业
sh.688186,通用设备制造业
sh.688187,铁路、船舶、航空航天和其他运输设备制造业
sh.688188,软件和信息技术服务业
sh.688189,医药制造业
sh.688190,黑色金属冶炼和压延加工业
sh.688191,软件和信息技术服务业
sh.688192,医药制造业
sh.688193,医药制造业
sh.688195,计算机、通信和其他电子设备制造业
sh.688196,废弃资源综合利用业
sh.688197,医药制造业
sh.688198,专用设备制造业
sh.688199,化学原料和化学制品制造业
sh.688200,专用设备制造业
sh.688201,软件和信息技术服务业
sh.688202,研究和试验发展
sh.688203,化学纤维制造业
sh.688205,计算机、通信和其他电子设备制造业
sh.688206,软件和信息技术服务业
sh.688207,软件和信息技术服务业
sh.688208,计算机、通信和其他电子设备制造业
sh.688209,计算机、通信和其他电子设备制造业
sh.688210,计算机、通信和其他电子设备制造业
sh.688211,通用设备制造业
sh.688212,专用设备制造业
sh.688213,软件和信息技术服务业
sh.688215,专用设备制造业
sh.688216,计算机、通信和其他电子设备制造业
sh.688217,医药制造业
sh.688218,通用设备制造业
sh.688219,橡胶和塑料制品业
sh.688220,计算机、通信和其他电子设备制造业
sh.688221,医药制造业
sh.688222,研究和试验发展
sh.688223,电气机械和器材制造业
sh.688225,软件和信息技术服务业
sh.688226,电气机械和器材制造业
sh.688227,软件和信息技术服务业
sh.688228,软件和信息技术服务业
sh.688229,软件和信息技术服务业
sh.688230,计算机、通信和其他电子设备制造业
sh.688231,有色金属冶炼和压延加工业
sh.688232,软件和信息技术服务业
sh.688233,计算机、通信和其他电子设备制造业
sh.688234,计算机、通信和其他电子设备制造业
sh.688235,医药制造业
sh.688236,专用设备制造业
sh.688237,铁路、船舶、航空航天和其他运输设备制造业
sh.688238,研究和试验发展
sh.688239,铁路、船舶、航空航天和其他运输设备制造业
sh.688244,软件和信息技术服务业
sh.688246,软件和信息技术服务业
sh.688247,医药制造业
sh.688248,专业技术服务业
sh.688249,计算机、通信和其他电子设备制造业
sh.688251,通用设备制造业
sh.688252,软件和信息技术服务业
sh.688253,医药制造业
sh.688255,通用设备制造业
sh.688256,软件和信息技术服务业
sh.688257,有色金属冶炼和压延加工业
sh.688258,软件和信息技术服务业
sh.688259,软件和信息技术服务业
sh.688260,计算机、通信和其他电子设备制造业
sh.688261,计算机、通信和其他电子设备制造业
sh.688262,软件和信息技术服务业
sh.688265,研究和试验发展
sh.688266,医药制造业
sh.688267,化学原料和化学制品制造业
sh.688268,计算机、通信和其他电子设备制造业
sh.688269,化学原料和化学制品制造业
sh.688270,计算机、通信和其他电子设备制造业
sh.688271,专用设备制造业
sh.688272,计算机、通信和其他电子设备制造业
sh.688273,专用设备制造业
sh.688275,计算机、通信和其他电子设备制造业
sh.688276,医药制造业
sh.688277,专用设备制造业
sh.688278,医药制造业
sh.688279,软件和信息技术服务业
sh.688280,汽车制造业
sh.688281,其他制造业
sh.688282,计算机、通信和其他电子设备制造业
sh.688283,仪器仪表制造业
sh.688285,铁路、船舶、航空航天和其他运输设备制造业
sh.688286,计算机、通信和其他电子设备制造业
sh.688287,铁路、船舶、航空航天和其他运输设备制造业
sh.688288,计算机、通信和其他电子设备制造业
sh.688289,医药制造业
sh.688290,专用设备制造业
sh.688291,软件和信息技术服务业
sh.688292,软件和信息技术服务业
sh.688293,研究和试验发展
sh.688295,化学纤维制造业
sh.688296,软件和信息技术服务业
sh.688297,铁路、船舶、航空航天和其他运输设备制造业
sh.688298,医药制造业
sh.688299,橡胶和塑料制品业
sh.688300,计算机、通信和其他电子设备制造业
sh.688301,专用设备制造业
sh.688302,医药制造业
sh.688303,电气机械和器材制造业
sh.688305,通用设备制造业
sh.688306,专用设备制造业
sh.688307,计算机、通信和其他电子设备制造业
sh.688308,金属制品业
sh.688309,专用设备制造业
sh.688310,专用设备制造业
sh.688311,计算机、通信和其他电子设备制造业
sh.688312,专用设备制造业
sh.688313,计算机、通信和其他电子设备制造业
sh.688314,专用设备制造业
sh.688315,研究和试验发展
sh.688316,互联网和相关服务
sh.688317,医药制造业
sh.688318,软件和信息技术服务业
sh.688319,医药制造业
sh.688320,仪器仪表制造业
sh.688321,医药制造业
sh.688322,计算机、通信和其他电子设备制造业
sh.688323,橡胶和塑料制品业
sh.688325,软件和信息技术服务业
sh.688326,计算机、通信和其他电子设备制造业
sh.688327,软件和信息技术服务业
sh.688328,专用设备制造业
sh.688329,专用设备制造业
sh.688330,电气机械和器材制造业
sh.688331,医药制造业
sh.688332,计算机、通信和其他电子设备制造业
sh.688333,通用设备制造业
sh.688334,专业技术服务业
sh.688335,专用设备制造业
sh.688336,医药制造业
sh.688337,仪器仪表制造业
sh.688338,医药制造业
sh.688339,电气机械和器材制造业
sh.688343,软件和信息技术服务业
sh.688345,电气机械和器材制造业
sh.688347,计算机、通信和其他电子设备制造业
sh.688348,电气机械和器材制造业
sh.688349,电气机械和器材制造业
sh.688350,化学原料和化学制品制造业
sh.688351,专用设备制造业
sh.688352,计算机、通信和其他电子设备制造业
sh.688353,化学原料和化学制品制造业
sh.688355,金属制品业
sh.688356,化学原料和化学制品制造业
sh.688357,化学原料和化学制品制造业
sh.688358,专用设备制造业
sh.688359,化学原料和化学制品制造业
sh.688360,通用设备制造业
sh.688361,专用设备制造业
sh.688362,计算机、通信和其他电子设备制造业
sh.688363,化学原料和化学制品制造业
sh.688365,软件和信息技术服务业
sh.688366,专用设备制造业
sh.688367,铁路、船舶、航空航天和其他运输设备制造业
sh.688368,软件和信息技术服务业
sh.688369,软件和信息技术服务业
sh.688370,生态保护和环境治理业
sh.688371,计算机、通信和其他电子设备制造业
sh.688372,专业技术服务业
sh.688373,医药制造业
sh.688375,计算机、通信和其他电子设备制造业
sh.688376,专用设备制造业
sh.688377,专用设备制造业
sh.688378,计算机、通信和其他电子设备制造业
sh.688379,金属制品业
sh.688380,计算机、通信和其他电子设备制造业
sh.688381,计算机、通信和其他电子设备制造业
sh.688382,医药制造业
sh.688383,专用设备制造业
sh.688385,计算机、通信和其他电子设备制造业
sh.688386,橡胶和塑料制品业
sh.688387,计算机、通信和其他电子设备制造业
sh.688388,计算机、通信和其他电子设备制造业
sh.688389,专用设备制造业
sh.688390,电气机械和器材制造业
sh.688391,软件和信息技术服务业
sh.688392,专用设备制造业
sh.688393,医药制造业
sh.688395,电气机械和器材制造业
sh.688396,计算机、通信和其他电子设备制造业
sh.688398,非金属矿物制品业
sh.688399,医药制造业
sh.688400,计算机、通信和其他电子设备制造业
sh.688401,计算机、通信和其他电子设备制造业
sh.688403,计算机、通信和其他电子设备制造业
sh.688408,电气机械和器材制造业
sh.688409,通用设备制造业
sh.688410,专用设备制造业
sh.688411,电气机械和器材制造业
sh.688416,计算机、通信和其他电子设备制造业
sh.688418,计算机、通信和其他电子设备制造业
sh.688419,专用设备制造业
sh.688420,专用设备制造业
sh.688425,专用设备制造业
sh.688426,医药制造业
sh.688428,医药制造业
sh.688429,电气机械和器材制造业
sh.688432,计算机、通信和其他电子设备制造业
sh.688433,通用设备制造业
sh.688435,软件和信息技术服务业
sh.688439,计算机、通信和其他电子设备制造业
sh.688443,医药制造业
sh.688448,通用设备制造业
sh.688449,软件和信息技术服务业
sh.688450,计算机、通信和其他电子设备制造业
sh.688455,通用设备制造业
sh.688456,金属制品业
sh.688458,计算机、通信和其他电子设备制造业
sh.688459,铁路、船舶、航空航天和其他运输设备制造业
sh.688466,生态保护和环境治理业
sh.688468,医药制造业
sh.688469,计算机、通信和其他电子设备制造业
sh.688472,电气机械和器材制造业
sh.688475,计算机、通信和其他电子设备制造业
sh.688478,专用设备制造业
sh.688479,软件和信息技术服务业
sh.688480,生态保护和环境治理业
sh.688484,软件和信息技术服务业
sh.688485,生态保护和环境治理业
sh.688486,软件和信息技术服务业
sh.688488,医药制造业
sh.688489,计算机、通信和其他电子设备制造业
sh.688496,计算机、通信和其他电子设备制造业
sh.688498,计算机、通信和其他电子设备制造业
sh.688499,专用设备制造业
sh.688500,软件和信息技术服务业
sh.688501,专用设备制造业
sh.688502,仪器仪表制造业
sh.688503,电气机械和器材制造业
sh.688505,医药制造业
sh.688506,医药制造业
sh.688507,软件和信息技术服务业
sh.688508,软件和信息技术服务业
sh.688509,专业技术服务业
sh.688510,铁路、船舶、航空航天和其他运输设备制造业
sh.688511,计算机、通信和其他电子设备制造业
sh.688512,计算机、通信和其他电子设备制造业
sh.688513,医药制造业
sh.688515,软件和信息技术服务业
sh.688516,专用设备制造业
sh.688517,电气机械和器材制造业
sh.688518,专用设备制造业
sh.688519,计算机、通信和其他电子设备制造业
sh.688520,医药制造业
sh.688521,软件和信息技术服务业
sh.688522,计算机、通信和其他电子设备制造业
sh.688523,铁路、船舶、航空航天和其他运输设备制造业
sh.688525,计算机、通信和其他电子设备制造业
sh.688526,医药制造业
sh.688528,仪器仪表制造业
sh.688529,专用设备制造业
sh.688530,计算机、通信和其他电子设备制造业
sh.688531,专用设备制造业
sh.688533,计算机、通信和其他电子设备制造业
sh.688535,计算机、通信和其他电子设备制造业
sh.688536,软件和信息技术服务业
sh.688538,计算机、通信和其他电子设备制造业
sh.688539,计算机、通信和其他电子设备制造业
sh.688543,铁路、船舶、航空航天和其他运输设备制造业
sh.688545,计算机、通信和其他电子设备制造业
sh.688548,计算机、通信和其他电子设备制造业
sh.688549,计算机、通信和其他电子设备制造业
sh.688550,化学原料和化学制品制造业
sh.688551,专用设备制造业
sh.688552,计算机、通信和其他电子设备制造业
sh.688553,医药制造业
sh.688556,专用设备制造业
sh.688557,通用设备制造业
sh.688558,通用设备制造业
sh.688559,专用设备制造业
sh.688560,橡胶和塑料制品业
sh.688561,软件和信息技术服务业
sh.688562,软件和信息技术服务业
sh.688563,铁路、船舶、航空航天和其他运输设备制造业
sh.688565,专用设备制造业
sh.688566,医药制造业
sh.688567,电气机械和器材制造业
sh.688568,软件和信息技术服务业
sh.688569,铁路、船舶、航空航天和其他运输设备制造业
sh.688570,仪器仪表制造业
sh.688571,化学原料和化学制品制造业
sh.688573,专用设备制造业
sh.688575,医药制造业
sh.688576,专用设备制造业
sh.688577,通用设备制造业
sh.688578,医药制造业
sh.688579,软件和信息技术服务业
sh.688580,专用设备制造业
sh.688581,专用设备制造业
sh.688582,计算机、通信和其他电子设备制造业
sh.688583,仪器仪表制造业
sh.688584,计算机、通信和其他电子设备制造业
sh.688585,化学原料和化学制品制造业
sh.688586,铁路、船舶、航空航天和其他运输设备制造业
sh.688588,软件和信息技术服务业
sh.688589,软件和信息技术服务业
sh.688590,软件和信息技术服务业
sh.688591,计算机、通信和其他电子设备制造业
sh.688592,计算机、通信和其他电子设备制造业
sh.688593,软件和信息技术服务业
sh.688595,计算机、通信和其他电子设备制造业
sh.688596,专用设备制造业
sh.688597,仪器仪表制造业
sh.688598,非金属矿物制品业
sh.688599,电气机械和器材制造业
sh.688600,仪器仪表制造业
sh.688601,计算机、通信和其他电子设备制造业
sh.688602,化学原料和化学制品制造业
sh.688603,计算机、通信和其他电子设备制造业
sh.688605,通用设备制造业
sh.688606,医药制造业
sh.688607,专用设备制造业
sh.688608,计算机、通信和其他电子设备制造业
sh.688609,计算机、通信和其他电子设备制造业
sh.688610,仪器仪表制造业
sh.688611,电气机械和器材制造业
sh.688612,汽车制造业
sh.688613,专用设备制造业
sh.688615,软件和信息技术服务业
sh.688616,仪器仪表制造业
sh.688617,专用设备制造业
sh.688618,计算机、通信和其他电子设备制造业
sh.688619,软件和信息技术服务业
sh.688620,计算机、通信和其他电子设备制造业
sh.688621,研究和试验发展
sh.688622,仪器仪表制造业
sh.688623,专用设备制造业
sh.688625,化学原料和化学制品制造业
sh.688626,专用设备制造业
sh.688627,专用设备制造业
sh.688628,仪器仪表制造业
sh.688629,计算机、通信和其他电子设备制造业
sh.688630,专用设备制造业
sh.688631,软件和信息技术服务业
sh.688633,专用设备制造业
sh.688636,计算机、通信和其他电子设备制造业
sh.688638,专用设备制造业
sh.688639,化学原料和化学制品制造业
sh.688646,专用设备制造业
sh.688648,通用设备制造业
sh.688651,软件和信息技术服务业
sh.688652,专用设备制造业
sh.688653,计算机、通信和其他电子设备制造业
sh.688655,计算机、通信和其他电子设备制造业
sh.688656,医药制造业
sh.688657,软件和信息技术服务业
sh.688658,医药制造业
sh.688659,化学原料和化学制品制造业
sh.688660,通用设备制造业
sh.688661,计算机、通信和其他电子设备制造业
sh.688662,计算机、通信和其他电子设备制造业
sh.688663,电气机械和器材制造业
sh.688665,计算机、通信和其他电子设备制造业
sh.688667,计算机、通信和其他电子设备制造业
sh.688668,计算机、通信和其他电子设备制造业
sh.688669,橡胶和塑料制品业
sh.688670,医药制造业
sh.688671,仪器仪表制造业
sh.688676,电气机械和器材制造业
sh.688677,专用设备制造业
sh.688678,通用设备制造业
sh.688679,生态保护和环境治理业
sh.688680,橡胶和塑料制品业
sh.688681,电气机械和器材制造业
sh.688682,软件和信息技术服务业
sh.688683,计算机、通信和其他电子设备制造业
sh.688685,铁路、船舶、航空航天和其他运输设备制造业
sh.688686,仪器仪表制造业
sh.688687,医药制造业
sh.688689,计算机、通信和其他电子设备制造业
sh.688690,化学原料和化学制品制造业
sh.688691,软件和信息技术服务业
sh.688692,软件和信息技术服务业
sh.688693,计算机、通信和其他电子设备制造业
sh.688695,软件和信息技术服务业
sh.688696,计算机、通信和其他电子设备制造业
sh.688697,通用设备制造业
sh.688698,仪器仪表制造业
sh.688699,软件和信息技术服务业
sh.688700,专用设备制造业
sh.688701,生态保护和环境治理业
sh.688702,软件和信息技术服务业
sh.688707,计算机、通信和其他电子设备制造业
sh.688708,其他制造业
sh.688709,计算机、通信和其他电子设备制造业
sh.688710,研究和试验发展
sh.688711,计算机、通信和其他电子设备制造业
sh.688712,专用设备制造业
sh.688716,化学原料和化学制品制造业
sh.688717,电气机械和器材制造业
sh.688718,专用设备制造业
sh.688719,电气机械和器材制造业
sh.688720,计算机、通信和其他电子设备制造业
sh.688721,计算机、通信和其他电子设备制造业
sh.688722,化学纤维制造业
sh.688726,电气机械和器材制造业
sh.688727,计算机、通信和其他电子设备制造业
sh.688728,计算机、通信和其他电子设备制造业
sh.688729,专用设备制造业
sh.688733,计算机、通信和其他电子设备制造业
sh.688737,化学原料和化学制品制造业
sh.688739,医药制造业
sh.688750,有色金属冶炼和压延加工业
sh.688755,专用设备制造业
sh.688757,专业技术服务业
sh.688758,化学原料和化学制品制造业
sh.688759,医药制造业
sh.688765,医药制造业
sh.688766,计算机、通信和其他电子设备制造业
sh.688767,医药制造业
sh.688768,仪器仪表制造业
sh.688772,电气机械和器材制造业
sh.688775,计算机、通信和其他电子设备制造业
sh.688776,计算机、通信和其他电子设备制造业
sh.688777,软件和信息技术服务业
sh.688778,计算机、通信和其他电子设备制造业
sh.688779,计算机、通信和其他电子设备制造业
sh.688781,计算机、通信和其他电子设备制造业
sh.688783,计算机、通信和其他电子设备制造业
sh.688785,专用设备制造业
sh.688786,金属制品业
sh.688787,软件和信息技术服务业
sh.688788,计算机、通信和其他电子设备制造业
sh.688789,专用设备制造业
sh.688790,计算机、通信和其他电子设备制造业
sh.688793,电气机械和器材制造业
sh.688795,计算机、通信和其他电子设备制造业
sh.688796,研究和试验发展
sh.688798,计算机、通信和其他电子设备制造业
sh.688799,医药制造业
sh.688800,计算机、通信和其他电子设备制造业
sh.688802,计算机、通信和其他电子设备制造业
sh.688805,专用设备制造业
sh.688807,计算机、通信和其他电子设备制造业
sh.688808,仪器仪表制造业
sh.688809,计算机、通信和其他电子设备制造业
sh.688811,有色金属冶炼和压延加工业
sh.688813,专用设备制造业
sh.688816,仪器仪表制造业
sh.688818,铁路、船舶、航空航天和其他运输设备制造业
sh.688819,电气机械和器材制造业
sh.688820,计算机、通信和其他电子设备制造业
sh.688981,计算机、通信和其他电子设备制造业
sh.689009,计算机、通信和其他电子设备制造业
sz.000001,货币金融服务
sz.000002,房地产业
sz.000004,软件和信息技术服务业
sz.000006,房地产业
sz.000007,房地产业
sz.000008,铁路、船舶、航空航天和其他运输设备制造业
sz.000009,其他金融业
sz.000010,土木工程建筑业
sz.000011,房地产业
sz.000012,非金属矿物制品业
sz.000014,房地产业
sz.000016,计算机、通信和其他电子设备制造业
sz.000017,文教、工美、体育和娱乐用品制造业
sz.000019,批发业
sz.000020,计算机、通信和其他电子设备制造业
sz.000021,计算机、通信和其他电子设备制造业
sz.000025,批发业
sz.000026,零售业
sz.000027,电力、热力生产和供应业
sz.000028,批发业
sz.000029,房地产业
sz.000030,汽车制造业
sz.000031,房地产业
sz.000032,建筑安装业
sz.000034,批发业
sz.000035,生态保护和环境治理业
sz.000036,房地产业
sz.000037,电力、热力生产和供应业
sz.000039,金属制品业
sz.000042,房地产业
sz.000045,计算机、通信和其他电子设备制造业
sz.000048,畜牧业
sz.000049,电气机械和器材制造业
sz.000050,计算机、通信和其他电子设备制造业
sz.000055,金属制品业
sz.000056,商务服务业
sz.000058,商务服务业
sz.000059,石油、煤炭及其他燃料加工业
sz.000060,有色金属冶炼和压延加工业
sz.000061,商务服务业
sz.000062,批发业
sz.000063,计算机、通信和其他电子设备制造业
sz.000065,批发业
sz.000066,计算机、通信和其他电子设备制造业
sz.000068,批发业
sz.000069,房地产业
sz.000070,计算机、通信和其他电子设备制造业
sz.000078,批发业
sz.000088,水上运输业
sz.000089,航空运输业
sz.000090,土木工程建筑业
sz.000096,批发业
sz.000099,航空运输业
sz.000100,计算机、通信和其他电子设备制造业
sz.000151,批发业
sz.000153,医药制造业
sz.000155,电力、热力生产和供应业
sz.000156,电信、广播电视和卫星传输服务
sz.000157,专用设备制造业
sz.000158,软件和信息技术服务业
sz.000159,批发业
sz.000166,资本市场服务
sz.000301,化学原料和化学制品制造业
sz.000333,电气机械和器材制造业
sz.000338,汽车制造业
sz.000400,电气机械和器材制造业
sz.000401,非金属矿物制品业
sz.000402,房地产业
sz.000403,医药制造业
sz.000404,通用设备制造业
sz.000407,燃气生产和供应业
sz.000408,化学原料和化学制品制造业
sz.000409,软件和信息技术服务业
sz.000410,通用设备制造业
sz.000411,批发业
sz.000415,租赁业
sz.000417,零售业
sz.000419,零售业
sz.000420,化学纤维制造业
sz.000421,燃气生产和供应业
sz.000422,化学原料和化学制品制造业
sz.000423,医药制造业
sz.000425,专用设备制造业
sz.000426,有色金属矿采选业
sz.000428,住宿业
sz.000429,道路运输业
sz.000430,公共设施管理业
sz.000488,造纸和纸制品业
sz.000498,土木工程建筑业
sz.000501,零售业
sz.000503,互联网和相关服务
sz.000504,科技推广和应用服务业
sz.000505,农副食品加工业
sz.000506,有色金属矿采选业
sz.000507,水上运输业
sz.000509,计算机、通信和其他电子设备制造业
sz.000510,化学原料和化学制品制造业
sz.000513,医药制造业
sz.000514,房地产业
sz.000516,卫生
sz.000517,房地产业
sz.000518,医药制造业
sz.000519,专用设备制造业
sz.000520,水上运输业
sz.000521,电气机械和器材制造业
sz.000523,农副食品加工业
sz.000524,商务服务业
sz.000525,化学原料和化学制品制造业
sz.000526,教育
sz.000528,专用设备制造业
sz.000529,农副食品加工业
sz.000530,通用设备制造业
sz.000531,电力、热力生产和供应业
sz.000532,综合
sz.000533,电气机械和器材制造业
sz.000534,医药制造业
sz.000536,计算机、通信和其他电子设备制造业
sz.000537,电力、热力生产和供应业
sz.000538,医药制造业
sz.000539,电力、热力生产和供应业
sz.000541,电气机械和器材制造业
sz.000543,电力、热力生产和供应业
sz.000544,水的生产和供应业
sz.000545,化学原料和化学制品制造业
sz.000546,废弃资源综合利用业
sz.000547,计算机、通信和其他电子设备制造业
sz.000548,道路运输业
sz.000550,汽车制造业
sz.000551,专用设备制造业
sz.000552,煤炭开采和洗选业
sz.000553,化学原料和化学制品制造业
sz.000554,批发业
sz.000555,软件和信息技术服务业
sz.000557,铁路运输业
sz.000558,公共设施管理业
sz.000559,汽车制造业
sz.000560,房地产业
sz.000561,计算机、通信和其他电子设备制造业
sz.000563,其他金融业
sz.000564,零售业
sz.000565,化学原料和化学制品制造业
sz.000566,医药制造业
sz.000567,其他金融业
sz.000568,酒、饮料和精制茶制造业
sz.000570,通用设备制造业
sz.000571,煤炭开采和洗选业
sz.000572,汽车制造业
sz.000573,废弃资源综合利用业
sz.000576,计算机、通信和其他电子设备制造业
sz.000581,汽车制造业
sz.000582,水上运输业
sz.000586,电气机械和器材制造业
sz.000589,橡胶和塑料制品业
sz.000590,医药制造业
sz.000591,电力、热力生产和供应业
sz.000592,木材加工和木、竹、藤、棕、草制品业
sz.000593,燃气生产和供应业
sz.000595,通用设备制造业
sz.000596,酒、饮料和精制茶制造业
sz.000597,医药制造业
sz.000598,水的生产和供应业
sz.000599,橡胶和塑料制品业
sz.000600,电力、热力生产和供应业
sz.000601,电力、热力生产和供应业
sz.000603,有色金属矿采选业
sz.000605,水的生产和供应业
sz.000607,商务服务业
sz.000608,房地产业
sz.000609,综合
sz.000610,商务服务业
sz.000612,有色金属冶炼和压延加工业
sz.000615,卫生
sz.000617,货币金融服务
sz.000619,橡胶和塑料制品业
sz.000620,房地产业
sz.000623,医药制造业
sz.000625,汽车制造业
sz.000626,批发业
sz.000628,房屋建筑业
sz.000629,有色金属冶炼和压延加工业
sz.000630,有色金属冶炼和压延加工业
sz.000631,房地产业
sz.000632,批发业
sz.000633,有色金属冶炼和压延加工业
sz.000635,化学原料和化学制品制造业
sz.000636,计算机、通信和其他电子设备制造业
sz.000637,化学原料和化学制品制造业
sz.000638,农、林、牧、渔专业及辅助性活动
sz.000639,农副食品加工业
sz.000650,医药制造业
sz.000651,电气机械和器材制造业
sz.000652,批发业
sz.000655,黑色金属矿采选业
sz.000656,房地产业
sz.000657,金属制品业
sz.000659,橡胶和塑料制品业
sz.000661,医药制造业
sz.000663,林业
sz.000665,电信、广播电视和卫星传输服务
sz.000668,房地产业
sz.000669,燃气生产和供应业
sz.000670,批发业
sz.000672,非金属矿物制品业
sz.000676,商务服务业
sz.000677,纺织业
sz.000678,汽车制造业
sz.000679,零售业
sz.000680,专用设备制造业
sz.000681,互联网和相关服务
sz.000682,软件和信息技术服务业
sz.000683,化学原料和化学制品制造业
sz.000685,水的生产和供应业
sz.000686,资本市场服务
sz.000688,有色金属矿采选业
sz.000690,电力、热力生产和供应业
sz.000691,化学原料和化学制品制造业
sz.000692,电力、热力生产和供应业
sz.000695,非金属矿物制品业
sz.000697,铁路、船舶、航空航天和其他运输设备制造业
sz.000698,化学原料和化学制品制造业
sz.000700,汽车制造业
sz.000701,批发业
sz.000702,农副食品加工业
sz.000703,化学纤维制造业
sz.000705,批发业
sz.000707,化学原料和化学制品制造业
sz.000708,黑色金属冶炼和压延加工业
sz.000709,黑色金属冶炼和压延加工业
sz.000710,专业技术服务业
sz.000711,废弃资源综合利用业
sz.000712,资本市场服务
sz.000713,农、林、牧、渔专业及辅助性活动
sz.000715,零售业
sz.000716,食品制造业
sz.000717,黑色金属冶炼和压延加工业
sz.000718,房地产业
sz.000719,新闻和出版业
sz.000720,电气机械和器材制造业
sz.000721,餐饮业
sz.000722,电力、热力生产和供应业
sz.000723,石油、煤炭及其他燃料加工业
sz.000725,计算机、通信和其他电子设备制造业
sz.000726,纺织业
sz.000727,计算机、通信和其他电子设备制造业
sz.000728,资本市场服务
sz.000729,酒、饮料和精制茶制造业
sz.000731,化学原料和化学制品制造业
sz.000733,计算机、通信和其他电子设备制造业
sz.000735,畜牧业
sz.000736,房地产业
sz.000737,有色金属冶炼和压延加工业
sz.000738,铁路、船舶、航空航天和其他运输设备制造业
sz.000739,医药制造业
sz.000750,资本市场服务
sz.000751,有色金属冶炼和压延加工业
sz.000752,酒、饮料和精制茶制造业
sz.000753,零售业
sz.000755,道路运输业
sz.000756,医药制造业
sz.000757,零售业
sz.000758,有色金属矿采选业
sz.000759,零售业
sz.000761,黑色金属冶炼和压延加工业
sz.000762,有色金属矿采选业
sz.000766,医药制造业
sz.000767,电力、热力生产和供应业
sz.000768,铁路、船舶、航空航天和其他运输设备制造业
sz.000776,资本市场服务
sz.000777,通用设备制造业
sz.000778,金属制品业
sz.000779,专业技术服务业
sz.000782,化学纤维制造业
sz.000783,资本市场服务
sz.000785,商务服务业
sz.000786,非金属矿物制品业
sz.000788,医药制造业
sz.000789,非金属矿物制品业
sz.000790,医药制造业
sz.000791,电力、热力生产和供应业
sz.000792,化学原料和化学制品制造业
sz.000793,新闻和出版业
sz.000795,非金属矿物制品业
sz.000796,商务服务业
sz.000797,房地产业
sz.000798,渔业
sz.000799,酒、饮料和精制茶制造业
sz.000800,汽车制造业
sz.000801,计算机、通信和其他电子设备制造业
sz.000802,广播、电视、电影和录音制作业
sz.000803,生态保护和环境治理业
sz.000807,有色金属冶炼和压延加工业
sz.000809,电气机械和器材制造业
sz.000810,计算机、通信和其他电子设备制造业
sz.000811,通用设备制造业
sz.000812,印刷和记录媒介复制业
sz.000813,医药制造业
sz.000815,造纸和纸制品业
sz.000816,通用设备制造业
sz.000818,化学原料和化学制品制造业
sz.000819,石油、煤炭及其他燃料加工业
sz.000820,专业技术服务业
sz.000821,专用设备制造业
sz.000822,化学原料和化学制品制造业
sz.000823,计算机、通信和其他电子设备制造业
sz.000825,黑色金属冶炼和压延加工业
sz.000826,公共设施管理业
sz.000828,道路运输业
sz.000829,批发业
sz.000830,化学原料和化学制品制造业
sz.000831,有色金属冶炼和压延加工业
sz.000833,综合
sz.000837,通用设备制造业
sz.000838,房地产业
sz.000839,软件和信息技术服务业
sz.000848,酒、饮料和精制茶制造业
sz.000850,纺织业
sz.000852,专用设备制造业
sz.000856,专用设备制造业
sz.000858,酒、饮料和精制茶制造业
sz.000859,橡胶和塑料制品业
sz.000860,酒、饮料和精制茶制造业
sz.000862,电力、热力生产和供应业
sz.000863,房地产业
sz.000868,汽车制造业
sz.000869,酒、饮料和精制茶制造业
sz.000875,电力、热力生产和供应业
sz.000876,农副食品加工业
sz.000877,非金属矿物制品业
sz.000878,有色金属冶炼和压延加工业
sz.000880,通用设备制造业
sz.000881,化学原料和化学制品制造业
sz.000882,商务服务业
sz.000883,电力、热力生产和供应业
sz.000885,生态保护和环境治理业
sz.000886,道路运输业
sz.000887,橡胶和塑料制品业
sz.000888,公共设施管理业
sz.000889,软件和信息技术服务业
sz.000890,金属制品业
sz.000892,广播、电视、电影和录音制作业
sz.000893,化学原料和化学制品制造业
sz.000895,农副食品加工业
sz.000897,房地产业
sz.000898,黑色金属冶炼和压延加工业
sz.000899,电力、热力生产和供应业
sz.000900,道路运输业
sz.000901,汽车制造业
sz.000902,化学原料和化学制品制造业
sz.000903,通用设备制造业
sz.000905,批发业
sz.000906,商务服务业
sz.000908,医药制造业
sz.000909,房地产业
sz.000910,木材加工和木、竹、藤、棕、草制品业
sz.000911,农副食品加工业
sz.000912,化学原料和化学制品制造业
sz.000913,铁路、船舶、航空航天和其他运输设备制造业
sz.000915,医药制造业
sz.000917,电信、广播电视和卫星传输服务
sz.000919,医药制造业
sz.000920,化学原料和化学制品制造业
sz.000921,电气机械和器材制造业
sz.000922,电气机械和器材制造业
sz.000923,黑色金属矿采选业
sz.000925,铁路、船舶、航空航天和其他运输设备制造业
sz.000926,房地产业
sz.000927,商务服务业
sz.000928,土木工程建筑业
sz.000929,酒、饮料和精制茶制造业
sz.000930,化学原料和化学制品制造业
sz.000931,医药制造业
sz.000932,黑色金属冶炼和压延加工业
sz.000933,有色金属冶炼和压延加工业
sz.000935,非金属矿物制品业
sz.000936,化学纤维制造业
sz.000937,煤炭开采和洗选业
sz.000938,计算机、通信和其他电子设备制造业
sz.000948,软件和信息技术服务业
sz.000949,化学纤维制造业
sz.000950,批发业
sz.000951,汽车制造业
sz.000952,医药制造业
sz.000953,医药制造业
sz.000955,纺织业
sz.000957,汽车制造业
sz.000958,电力、热力生产和供应业
sz.000959,黑色金属冶炼和压延加工业
sz.000960,有色金属冶炼和压延加工业
sz.000962,有色金属冶炼和压延加工业
sz.000963,零售业
sz.000965,房地产业
sz.000966,电力、热力生产和供应业
sz.000967,专用设备制造业
sz.000968,石油和天然气开采业
sz.000969,金属制品业
sz.000970,计算机、通信和其他电子设备制造业
sz.000972,农副食品加工业
sz.000973,橡胶和塑料制品业
sz.000975,有色金属矿采选业
sz.000977,计算机、通信和其他电子设备制造业
sz.000978,公共设施管理业
sz.000980,汽车制造业
sz.000981,汽车制造业
sz.000983,煤炭开采和洗选业
sz.000985,化学原料和化学制品制造业
sz.000987,其他金融业
sz.000988,计算机、通信和其他电子设备制造业
sz.000989,医药制造业
sz.000990,化学原料和化学制品制造业
sz.000993,电力、热力生产和供应业
sz.000995,酒、饮料和精制茶制造业
sz.000997,软件和信息技术服务业
sz.000998,农、林、牧、渔专业及辅助性活动
sz.000999,医药制造业
sz.001201,畜牧业
sz.001202,多式联运和运输代理业
sz.001203,黑色金属矿采选业
sz.001205,水上运输业
sz.001206,其他制造业
sz.001207,化学原料和化学制品制造业
sz.001208,电气机械和器材制造业
sz.001209,纺织服装、服饰业
sz.001210,电力、热力生产和供应业
sz.001211,木材加工和木、竹、藤、棕、草制品业
sz.001212,非金属矿物制品业
sz.001213,铁路运输业
sz.001215,食品制造业
sz.001216,非金属矿物制品业
sz.001217,化学原料和化学制品制造业
sz.001218,化学原料和化学制品制造业
sz.001219,食品制造业
sz.001220,道路运输业
sz.001221,金属制品业
sz.001222,其他制造业
sz.001223,专用设备制造业
sz.001225,通用设备制造业
sz.001226,通用设备制造业
sz.001227,货币金融服务
sz.001228,商务服务业
sz.001229,计算机、通信和其他电子设备制造业
sz.001230,公共设施管理业
sz.001231,化学原料和化学制品制造业
sz.001233,橡胶和塑料制品业
sz.001234,纺织服装、服饰业
sz.001236,资本市场服务
sz.001237,电气机械和器材制造业
sz.001238,家具制造业
sz.001239,金属制品业
sz.001255,化学原料和化学制品制造业
sz.001256,专用设备制造业
sz.001257,有色金属矿采选业
sz.001258,电力、热力生产和供应业
sz.001259,电气机械和器材制造业
sz.001260,汽车制造业
sz.001266,仪器仪表制造业
sz.001267,计算机、通信和其他电子设备制造业
sz.001268,通用设备制造业
sz.001269,废弃资源综合利用业
sz.001270,计算机、通信和其他电子设备制造业
sz.001277,金属制品、机械和设备修理业
sz.001278,汽车制造业
sz.001279,印刷和记录媒介复制业
sz.001280,有色金属矿采选业
sz.001282,汽车制造业
sz.001283,电气机械和器材制造业
sz.001285,计算机、通信和其他电子设备制造业
sz.001286,电力、热力生产和供应业
sz.001287,批发业
sz.001288,通用设备制造业
sz.001289,电力、热力生产和供应业
sz.001296,非金属矿物制品业
sz.001298,批发业
sz.001299,燃气生产和供应业
sz.001300,文教、工美、体育和娱乐用品制造业
sz.001301,非金属矿物制品业
sz.001306,通用设备制造业
sz.001308,计算机、通信和其他电子设备制造业
sz.001309,计算机、通信和其他电子设备制造业
sz.001311,汽车制造业
sz.001312,纺织业
sz.001313,农副食品加工业
sz.001314,计算机、通信和其他电子设备制造业
sz.001316,批发业
sz.001317,多式联运和运输代理业
sz.001318,食品制造业
sz.001319,汽车制造业
sz.001322,非金属矿物制品业
sz.001323,家具制造业
sz.001324,铁路、船舶、航空航天和其他运输设备制造业
sz.001325,橡胶和塑料制品业
sz.001326,电气机械和器材制造业
sz.001328,化学原料和化学制品制造业
sz.001330,广播、电视、电影和录音制作业
sz.001331,燃气生产和供应业
sz.001332,金属制品业
sz.001333,化学原料和化学制品制造业
sz.001335,批发业
sz.001336,专用设备制造业
sz.001337,有色金属矿采选业
sz.001338,酒、饮料和精制茶制造业
sz.001339,计算机、通信和其他电子设备制造业
sz.001356,橡胶和塑料制品业
sz.001358,化学原料和化学制品制造业
sz.001359,非金属矿物制品业
sz.001360,专用设备制造业
sz.001365,汽车制造业
sz.001366,农副食品加工业
sz.001367,医药制造业
sz.001368,橡胶和塑料制品业
sz.001369,化学原料和化学制品制造业
sz.001373,计算机、通信和其他电子设备制造业
sz.001376,电力、热力生产和供应业
sz.001378,橡胶和塑料制品业
sz.001379,通用设备制造业
sz.001380,通用设备制造业
sz.001382,电气机械和器材制造业
sz.001386,非金属矿物制品业
sz.001387,电气机械和器材制造业
sz.001388,计算机、通信和其他电子设备制造业
sz.001389,计算机、通信和其他电子设备制造业
sz.001390,皮革、毛皮、羽毛及其制品和制鞋业
sz.001391,航空运输业
sz.001393,电气机械和器材制造业
sz.001395,专用设备制造业
sz.001396,专业技术服务业
sz.001400,专用设备制造业
sz.001696,通用设备制造业
sz.001872,水上运输业
sz.001896,电力、热力生产和供应业
sz.001914,房地产业
sz.001965,道路运输业
sz.001979,房地产业
sz.002001,医药制造业
sz.002003,纺织服装、服饰业
sz.002004,化学原料和化学制品制造业
sz.002005,电气机械和器材制造业
sz.002006,专用设备制造业
sz.002007,医药制造业
sz.002008,专用设备制造业
sz.002009,专用设备制造业
sz.002010,商务服务业
sz.002011,通用设备制造业
sz.002012,造纸和纸制品业
sz.002014,橡胶和塑料制品业
sz.002015,电力、热力生产和供应业
sz.002016,房地产业
sz.002017,计算机、通信和其他电子设备制造业
sz.002019,医药制造业
sz.002020,医药制造业
sz.002021,专用设备制造业
sz.002022,医药制造业
sz.002023,金属制品、机械和设备修理业
sz.002024,零售业
sz.002025,计算机、通信和其他电子设备制造业
sz.002026,电气机械和器材制造业
sz.002027,商务服务业
sz.002028,电气机械和器材制造业
sz.002029,纺织服装、服饰业
sz.002030,医药制造业
sz.002031,专用设备制造业
sz.002032,电气机械和器材制造业
sz.002033,公共设施管理业
sz.002034,电力、热力生产和供应业
sz.002035,电气机械和器材制造业
sz.002036,计算机、通信和其他电子设备制造业
sz.002037,化学原料和化学制品制造业
sz.002038,医药制造业
sz.002039,电力、热力生产和供应业
sz.002040,水上运输业
sz.002041,农、林、牧、渔专业及辅助性活动
sz.002042,纺织业
sz.002043,木材加工和木、竹、藤、棕、草制品业
sz.002044,卫生
sz.002045,计算机、通信和其他电子设备制造业
sz.002046,通用设备制造业
sz.002047,建筑装饰、装修和其他建筑业
sz.002048,汽车制造业
sz.002049,计算机、通信和其他电子设备制造业
sz.002050,通用设备制造业
sz.002051,土木工程建筑业
sz.002052,计算机、通信和其他电子设备制造业
sz.002053,电力、热力生产和供应业
sz.002054,化学原料和化学制品制造业
sz.002055,计算机、通信和其他电子设备制造业
sz.002056,电气机械和器材制造业
sz.002057,化学原料和化学制品制造业
sz.002058,仪器仪表制造业
sz.002059,公共设施管理业
sz.002060,土木工程建筑业
sz.002061,土木工程建筑业
sz.002062,土木工程建筑业
sz.002063,软件和信息技术服务业
sz.002064,化学纤维制造业
sz.002065,软件和信息技术服务业
sz.002066,非金属矿物制品业
sz.002067,造纸和纸制品业
sz.002068,化学原料和化学制品制造业
sz.002069,渔业
sz.002072,批发业
sz.002073,专用设备制造业
sz.002074,电气机械和器材制造业
sz.002075,黑色金属冶炼和压延加工业
sz.002076,电气机械和器材制造业
sz.002077,计算机、通信和其他电子设备制造业
sz.002078,造纸和纸制品业
sz.002079,计算机、通信和其他电子设备制造业
sz.002080,非金属矿物制品业
sz.002081,建筑装饰、装修和其他建筑业
sz.002082,医药制造业
sz.002083,纺织业
sz.002084,金属制品业
sz.002085,汽车制造业
sz.002086,渔业
sz.002088,非金属矿物制品业
sz.002090,电气机械和器材制造业
sz.002091,批发业
sz.002092,化学原料和化学制品制造业
sz.002093,软件和信息技术服务业
sz.002094,化学原料和化学制品制造业
sz.002095,互联网和相关服务
sz.002096,化学原料和化学制品制造业
sz.002097,专用设备制造业
sz.002098,其他制造业
sz.002099,医药制造业
sz.002100,农副食品加工业
sz.002101,汽车制造业
sz.002102,医药制造业
sz.002103,文教、工美、体育和娱乐用品制造业
sz.002104,计算机、通信和其他电子设备制造业
sz.002105,铁路、船舶、航空航天和其他运输设备制造业
sz.002106,计算机、通信和其他电子设备制造业
sz.002107,医药制造业
sz.002108,橡胶和塑料制品业
sz.002109,化学原料和化学制品制造业
sz.002110,黑色金属冶炼和压延加工业
sz.002111,专用设备制造业
sz.002112,电气机械和器材制造业
sz.002114,有色金属冶炼和压延加工业
sz.002115,商务服务业
sz.002116,土木工程建筑业
sz.002117,印刷和记录媒介复制业
sz.002119,计算机、通信和其他电子设备制造业
sz.002120,邮政业
sz.002121,仪器仪表制造业
sz.002122,通用设备制造业
sz.002123,软件和信息技术服务业
sz.002124,畜牧业
sz.002125,化学原料和化学制品制造业
sz.002126,汽车制造业
sz.002127,商务服务业
sz.002128,煤炭开采和洗选业
sz.002129,电气机械和器材制造业
sz.002130,计算机、通信和其他电子设备制造业
sz.002131,商务服务业
sz.002132,金属制品业
sz.002133,房地产业
sz.002134,计算机、通信和其他电子设备制造业
sz.002135,金属制品业
sz.002136,化学原料和化学制品制造业
sz.002137,电气机械和器材制造业
sz.002138,计算机、通信和其他电子设备制造业
sz.002139,电气机械和器材制造业
sz.002140,土木工程建筑业
sz.002141,电气机械和器材制造业
sz.002142,货币金融服务
sz.002144,纺织业
sz.002145,化学原料和化学制品制造业
sz.002146,房地产业
sz.002148,软件和信息技术服务业
sz.002149,有色金属冶炼和压延加工业
sz.002150,电气机械和器材制造业
sz.002151,计算机、通信和其他电子设备制造业
sz.002152,计算机、通信和其他电子设备制造业
sz.002153,软件和信息技术服务业
sz.002154,纺织服装、服饰业
sz.002155,有色金属矿采选业
sz.002156,计算机、通信和其他电子设备制造业
sz.002157,畜牧业
sz.002158,通用设备制造业
sz.002159,公共设施管理业
sz.002160,有色金属冶炼和压延加工业
sz.002161,计算机、通信和其他电子设备制造业
sz.002162,非金属矿物制品业
sz.002163,建筑装饰、装修和其他建筑业
sz.002164,通用设备制造业
sz.002165,化学原料和化学制品制造业
sz.002166,医药制造业
sz.002167,有色金属冶炼和压延加工业
sz.002168,电气机械和器材制造业
sz.002169,电气机械和器材制造业
sz.002170,化学原料和化学制品制造业
sz.002171,有色金属冶炼和压延加工业
sz.002172,卫生
sz.002173,卫生
sz.002174,互联网和相关服务
sz.002175,仪器仪表制造业
sz.002176,有色金属冶炼和压延加工业
sz.002177,专用设备制造业
sz.002178,软件和信息技术服务业
sz.002179,计算机、通信和其他电子设备制造业
sz.002180,计算机、通信和其他电子设备制造业
sz.002181,商务服务业
sz.002182,有色金属冶炼和压延加工业
sz.002183,商务服务业
sz.002184,电气机械和器材制造业
sz.002185,计算机、通信和其他电子设备制造业
sz.002186,餐饮业
sz.002187,零售业
sz.002188,房地产业
sz.002189,计算机、通信和其他电子设备制造业
sz.002190,汽车制造业
sz.002191,印刷和记录媒介复制业
sz.002192,有色金属矿采选业
sz.002193,纺织服装、服饰业
sz.002194,计算机、通信和其他电子设备制造业
sz.002195,互联网和相关服务
sz.002196,电气机械和器材制造业
sz.002197,软件和信息技术服务业
sz.002198,医药制造业
sz.002199,计算机、通信和其他电子设备制造业
sz.002200,土木工程建筑业
sz.002201,非金属矿物制品业
sz.002202,通用设备制造业
sz.002203,有色金属冶炼和压延加工业
sz.002204,通用设备制造业
sz.002205,非金属矿物制品业
sz.002206,化学纤维制造业
sz.002207,开采专业及辅助性活动
sz.002208,房地产业
sz.002209,专用设备制造业
sz.002210,商务服务业
sz.002211,化学原料和化学制品制造业
sz.002212,软件和信息技术服务业
sz.002213,计算机、通信和其他电子设备制造业
sz.002214,计算机、通信和其他电子设备制造业
sz.002215,化学原料和化学制品制造业
sz.002216,食品制造业
sz.002217,计算机、通信和其他电子设备制造业
sz.002218,电气机械和器材制造业
sz.002219,卫生
sz.002221,批发业
sz.002222,计算机、通信和其他电子设备制造业
sz.002223,专用设备制造业
sz.002224,橡胶和塑料制品业
sz.002225,非金属矿物制品业
sz.002226,化学原料和化学制品制造业
sz.002227,电气机械和器材制造业
sz.002228,造纸和纸制品业
sz.002229,印刷和记录媒介复制业
sz.002230,软件和信息技术服务业
sz.002232,软件和信息技术服务业
sz.002233,非金属矿物制品业
sz.002234,畜牧业
sz.002235,造纸和纸制品业
sz.002236,计算机、通信和其他电子设备制造业
sz.002237,有色金属冶炼和压延加工业
sz.002238,电信、广播电视和卫星传输服务
sz.002239,汽车制造业
sz.002240,有色金属冶炼和压延加工业
sz.002241,计算机、通信和其他电子设备制造业
sz.002242,电气机械和器材制造业
sz.002243,橡胶和塑料制品业
sz.002244,房地产业
sz.002245,电气机械和器材制造业
sz.002246,化学原料和化学制品制造业
sz.002247,造纸和纸制品业
sz.002248,通用设备制造业
sz.002249,电气机械和器材制造业
sz.002250,化学原料和化学制品制造业
sz.002251,零售业
sz.002252,医药制造业
sz.002253,软件和信息技术服务业
sz.002254,化学纤维制造业
sz.002255,通用设备制造业
sz.002256,电力、热力生产和供应业
sz.002258,化学原料和化学制品制造业
sz.002259,燃气生产和供应业
sz.002261,软件和信息技术服务业
sz.002262,医药制造业
sz.002263,橡胶和塑料制品业
sz.002264,互联网和相关服务
sz.002265,汽车制造业
sz.002266,生态保护和环境治理业
sz.002267,燃气生产和供应业
sz.002268,软件和信息技术服务业
sz.002269,纺织服装、服饰业
sz.002270,电气机械和器材制造业
sz.002271,非金属矿物制品业
sz.002272,通用设备制造业
sz.002273,计算机、通信和其他电子设备制造业
sz.002274,化学原料和化学制品制造业
sz.002275,医药制造业
sz.002276,电气机械和器材制造业
sz.002277,零售业
sz.002278,专用设备制造业
sz.002279,软件和信息技术服务业
sz.002281,计算机、通信和其他电子设备制造业
sz.002282,非金属矿物制品业
sz.002283,汽车制造业
sz.002284,汽车制造业
sz.002285,房地产业
sz.002286,农副食品加工业
sz.002287,医药制造业
sz.002289,计算机、通信和其他电子设备制造业
sz.002290,电气机械和器材制造业
sz.002291,互联网和相关服务
sz.002292,文教、工美、体育和娱乐用品制造业
sz.002293,纺织业
sz.002294,医药制造业
sz.002295,有色金属冶炼和压延加工业
sz.002296,电气机械和器材制造业
sz.002297,金属制品业
sz.002298,电气机械和器材制造业
sz.002299,农副食品加工业
sz.002300,电气机械和器材制造业
sz.002301,文教、工美、体育和娱乐用品制造业
sz.002302,非金属矿物制品业
sz.002303,造纸和纸制品业
sz.002304,酒、饮料和精制茶制造业
sz.002305,房地产业
sz.002306,餐饮业
sz.002307,土木工程建筑业
sz.002309,电气机械和器材制造业
sz.002310,电力、热力生产和供应业
sz.002311,农副食品加工业
sz.002312,化学原料和化学制品制造业
sz.002313,计算机、通信和其他电子设备制造业
sz.002314,房地产业
sz.002315,互联网和相关服务
sz.002316,软件和信息技术服务业
sz.002317,医药制造业
sz.002318,金属制品业
sz.002319,化学原料和化学制品制造业
sz.002320,水上运输业
sz.002321,畜牧业
sz.002322,软件和信息技术服务业
sz.002323,建筑装饰、装修和其他建筑业
sz.002324,橡胶和塑料制品业
sz.002326,化学原料和化学制品制造业
sz.002327,纺织业
sz.002328,汽车制造业
sz.002329,食品制造业
sz.002330,农副食品加工业
sz.002331,软件和信息技术服务业
sz.002332,医药制造业
sz.002333,有色金属冶炼和压延加工业
sz.002334,电气机械和器材制造业
sz.002335,电气机械和器材制造业
sz.002337,专用设备制造业
sz.002338,仪器仪表制造业
sz.002339,电气机械和器材制造业
sz.002340,废弃资源综合利用业
sz.002342,金属制品业
sz.002343,广播、电视、电影和录音制作业
sz.002344,商务服务业
sz.002345,文教、工美、体育和娱乐用品制造业
sz.002346,电气机械和器材制造业
sz.002347,通用设备制造业
sz.002348,文教、工美、体育和娱乐用品制造业
sz.002349,医药制造业
sz.002350,电气机械和器材制造业
sz.002351,计算机、通信和其他电子设备制造业
sz.002352,邮政业
sz.002353,专用设备制造业
sz.002354,互联网和相关服务
sz.002355,汽车制造业
sz.002356,零售业
sz.002357,道路运输业
sz.002358,电气机械和器材制造业
sz.002360,化学原料和化学制品制造业
sz.002361,化学原料和化学制品制造业
sz.002362,计算机、通信和其他电子设备制造业
sz.002363,汽车制造业
sz.002364,电气机械和器材制造业
sz.002365,医药制造业
sz.002366,专用设备制造业
sz.002367,通用设备制造业
sz.002368,软件和信息技术服务业
sz.002369,计算机、通信和其他电子设备制造业
sz.002370,医药制造业
sz.002371,专用设备制造业
sz.002372,橡胶和塑料制品业
sz.002373,软件和信息技术服务业
sz.002374,金属制品业
sz.002375,建筑装饰、装修和其他建筑业
sz.002376,计算机、通信和其他电子设备制造业
sz.002377,石油、煤炭及其他燃料加工业
sz.002378,有色金属冶炼和压延加工业
sz.002379,有色金属冶炼和压延加工业
sz.002380,软件和信息技术服务业
sz.002381,橡胶和塑料制品业
sz.002382,橡胶和塑料制品业
sz.002383,计算机、通信和其他电子设备制造业
sz.002384,计算机、通信和其他电子设备制造业
sz.002385,农副食品加工业
sz.002386,化学原料和化学制品制造业
sz.002387,计算机、通信和其他电子设备制造业
sz.002388,计算机、通信和其他电子设备制造业
sz.002389,铁路、船舶、航空航天和其他运输设备制造业
sz.002390,批发业
sz.002391,化学原料和化学制品制造业
sz.002392,非金属矿物制品业
sz.002393,医药制造业
sz.002394,纺织业
sz.002395,橡胶和塑料制品业
sz.002396,计算机、通信和其他电子设备制造业
sz.002397,纺织业
sz.002398,化学原料和化学制品制造业
sz.002399,医药制造业
sz.002400,商务服务业
sz.002401,软件和信息技术服务业
sz.002402,计算机、通信和其他电子设备制造业
sz.002403,金属制品业
sz.002404,纺织服装、服饰业
sz.002405,软件和信息技术服务业
sz.002406,汽车制造业
sz.002407,化学原料和化学制品制造业
sz.002408,化学原料和化学制品制造业
sz.002409,化学原料和化学制品制造业
sz.002410,软件和信息技术服务业
sz.002412,医药制造业
sz.002413,计算机、通信和其他电子设备制造业
sz.002414,计算机、通信和其他电子设备制造业
sz.002415,计算机、通信和其他电子设备制造业
sz.002416,批发业
sz.002418,通用设备制造业
sz.002419,零售业
sz.002420,橡胶和塑料制品业
sz.002421,软件和信息技术服务业
sz.002422,医药制造业
sz.002423,保险业
sz.002424,医药制造业
sz.002425,互联网和相关服务
sz.002426,计算机、通信和其他电子设备制造业
sz.002427,化学纤维制造业
sz.002428,有色金属冶炼和压延加工业
sz.002429,计算机、通信和其他电子设备制造业
sz.002430,专用设备制造业
sz.002431,土木工程建筑业
sz.002432,专用设备制造业
sz.002434,汽车制造业
sz.002436,计算机、通信和其他电子设备制造业
sz.002437,医药制造业
sz.002438,通用设备制造业
sz.002439,软件和信息技术服务业
sz.002440,化学原料和化学制品制造业
sz.002441,批发业
sz.002442,化学原料和化学制品制造业
sz.002443,金属制品业
sz.002444,金属制品业
sz.002445,金属制品业
sz.002446,计算机、通信和其他电子设备制造业
sz.002448,汽车制造业
sz.002449,计算机、通信和其他电子设备制造业
sz.002451,电气机械和器材制造业
sz.002452,电气机械和器材制造业
sz.002453,化学原料和化学制品制造业
sz.002454,汽车制造业
sz.002455,化学原料和化学制品制造业
sz.002456,计算机、通信和其他电子设备制造业
sz.002457,非金属矿物制品业
sz.002458,畜牧业
sz.002459,电气机械和器材制造业
sz.002460,有色金属冶炼和压延加工业
sz.002461,酒、饮料和精制茶制造业
sz.002462,批发业
sz.002463,计算机、通信和其他电子设备制造业
sz.002465,计算机、通信和其他电子设备制造业
sz.002466,有色金属冶炼和压延加工业
sz.002467,互联网和相关服务
sz.002468,邮政业
sz.002469,化学原料和化学制品制造业
sz.002470,化学原料和化学制品制造业
sz.002471,电气机械和器材制造业
sz.002472,汽车制造业
sz.002474,软件和信息技术服务业
sz.002475,计算机、通信和其他电子设备制造业
sz.002476,化学原料和化学制品制造业
sz.002478,金属制品业
sz.002479,电力、热力生产和供应业
sz.002480,通用设备制造业
sz.002481,食品制造业
sz.002482,建筑装饰、装修和其他建筑业
sz.002483,通用设备制造业
sz.002484,计算机、通信和其他电子设备制造业
sz.002485,商务服务业
sz.002486,纺织服装、服饰业
sz.002487,金属制品业
sz.002488,汽车制造业
sz.002489,家具制造业
sz.002490,专用设备制造业
sz.002491,电气机械和器材制造业
sz.002492,装卸搬运和仓储业
sz.002493,化学原料和化学制品制造业
sz.002494,皮革、毛皮、羽毛及其制品和制鞋业
sz.002495,食品制造业
sz.002496,化学原料和化学制品制造业
sz.002497,有色金属冶炼和压延加工业
sz.002498,电气机械和器材制造业
sz.002500,资本市场服务
sz.002501,有色金属冶炼和压延加工业
sz.002506,电气机械和器材制造业
sz.002507,食品制造业
sz.002508,电气机械和器材制造业
sz.002510,汽车制造业
sz.002511,造纸和纸制品业
sz.002512,计算机、通信和其他电子设备制造业
sz.002513,电气机械和器材制造业
sz.002514,金属制品业
sz.002515,农副食品加工业
sz.002516,纺织业
sz.002517,互联网和相关服务
sz.002518,电气机械和器材制造业
sz.002519,计算机、通信和其他电子设备制造业
sz.002520,通用设备制造业
sz.002521,造纸和纸制品业
sz.002522,橡胶和塑料制品业
sz.002523,通用设备制造业
sz.002524,卫生
sz.002526,专用设备制造业
sz.002527,通用设备制造业
sz.002528,计算机、通信和其他电子设备制造业
sz.002529,通用设备制造业
sz.002530,金属制品业
sz.002531,电气机械和器材制造业
sz.002532,有色金属冶炼和压延加工业
sz.002533,电气机械和器材制造业
sz.002534,通用设备制造业
sz.002535,专用设备制造业
sz.002536,汽车制造业
sz.002537,汽车制造业
sz.002538,化学原料和化学制品制造业
sz.002539,化学原料和化学制品制造业
sz.002540,有色金属冶炼和压延加工业
sz.002541,金属制品业
sz.002542,土木工程建筑业
sz.002543,电气机械和器材制造业
sz.002544,软件和信息技术服务业
sz.002545,化学原料和化学制品制造业
sz.002546,仪器仪表制造业
sz.002547,金属制品业
sz.002548,农副食品加工业
sz.002549,生态保护和环境治理业
sz.002550,医药制造业
sz.002551,专用设备制造业
sz.002552,计算机、通信和其他电子设备制造业
sz.002553,汽车制造业
sz.002554,开采专业及辅助性活动
sz.002555,互联网和相关服务
sz.002556,零售业
sz.002557,农副食品加工业
sz.002558,互联网和相关服务
sz.002559,通用设备制造业
sz.002560,电气机械和器材制造业
sz.002561,零售业
sz.002562,医药制造业
sz.002563,纺织服装、服饰业
sz.002564,专用设备制造业
sz.002565,造纸和纸制品业
sz.002566,医药制造业
sz.002567,农副食品加工业
sz.002568,酒、饮料和精制茶制造业
sz.002569,纺织服装、服饰业
sz.002570,食品制造业
sz.002571,非金属矿物制品业
sz.002572,家具制造业
sz.002573,生态保护和环境治理业
sz.002574,文教、工美、体育和娱乐用品制造业
sz.002575,批发业
sz.002576,电气机械和器材制造业
sz.002577,计算机、通信和其他电子设备制造业
sz.002578,有色金属冶炼和压延加工业
sz.002579,计算机、通信和其他电子设备制造业
sz.002580,电气机械和器材制造业
sz.002581,医药制造业
sz.002582,农副食品加工业
sz.002583,计算机、通信和其他电子设备制造业
sz.002584,化学原料和化学制品制造业
sz.002585,橡胶和塑料制品业
sz.002586,土木工程建筑业
sz.002587,计算机、通信和其他电子设备制造业
sz.002588,化学原料和化学制品制造业
sz.002589,批发业
sz.002590,汽车制造业
sz.002591,化学原料和化学制品制造业
sz.002592,汽车制造业
sz.002593,汽车制造业
sz.002594,汽车制造业
sz.002595,专用设备制造业
sz.002596,非金属矿物制品业
sz.002597,食品制造业
sz.002598,通用设备制造业
sz.002599,印刷和记录媒介复制业
sz.002600,计算机、通信和其他电子设备制造业
sz.002601,化学原料和化学制品制造业
sz.002602,互联网和相关服务
sz.002603,医药制造业
sz.002605,互联网和相关服务
sz.002606,电气机械和器材制造业
sz.002607,教育
sz.002608,电力、热力生产和供应业
sz.002609,软件和信息技术服务业
sz.002611,专用设备制造业
sz.002612,纺织服装、服饰业
sz.002613,专用设备制造业
sz.002614,电气机械和器材制造业
sz.002615,金属制品业
sz.002616,生态保护和环境治理业
sz.002617,电气机械和器材制造业
sz.002620,建筑装饰、装修和其他建筑业
sz.002622,卫生
sz.002623,非金属矿物制品业
sz.002624,互联网和相关服务
sz.002625,铁路、船舶、航空航天和其他运输设备制造业
sz.002626,食品制造业
sz.002627,公共设施管理业
sz.002628,土木工程建筑业
sz.002629,开采专业及辅助性活动
sz.002630,通用设备制造业
sz.002631,木材加工和木、竹、藤、棕、草制品业
sz.002632,化学原料和化学制品制造业
sz.002633,通用设备制造业
sz.002634,纺织服装、服饰业
sz.002635,计算机、通信和其他电子设备制造业
sz.002636,计算机、通信和其他电子设备制造业
sz.002637,化学原料和化学制品制造业
sz.002638,电气机械和器材制造业
sz.002639,通用设备制造业
sz.002640,零售业
sz.002641,橡胶和塑料制品业
sz.002642,软件和信息技术服务业
sz.002643,化学原料和化学制品制造业
sz.002644,医药制造业
sz.002645,废弃资源综合利用业
sz.002646,酒、饮料和精制茶制造业
sz.002647,其他金融业
sz.002648,化学原料和化学制品制造业
sz.002649,软件和信息技术服务业
sz.002650,食品制造业
sz.002651,专用设备制造业
sz.002652,金属制品业
sz.002653,医药制造业
sz.002654,商务服务业
sz.002655,计算机、通信和其他电子设备制造业
sz.002656,纺织服装、服饰业
sz.002657,软件和信息技术服务业
sz.002658,仪器仪表制造业
sz.002659,教育
sz.002660,计算机、通信和其他电子设备制造业
sz.002661,食品制造业
sz.002662,汽车制造业
sz.002663,土木工程建筑业
sz.002664,汽车制造业
sz.002666,化学原料和化学制品制造业
sz.002667,有色金属冶炼和压延加工业
sz.002668,电气机械和器材制造业
sz.002669,化学原料和化学制品制造业
sz.002670,资本市场服务
sz.002671,非金属矿物制品业
sz.002672,废弃资源综合利用业
sz.002673,资本市场服务
sz.002674,皮革、毛皮、羽毛及其制品和制鞋业
sz.002675,医药制造业
sz.002676,橡胶和塑料制品业
sz.002677,电气机械和器材制造业
sz.002678,文教、工美、体育和娱乐用品制造业
sz.002679,林业
sz.002681,计算机、通信和其他电子设备制造业
sz.002682,道路运输业
sz.002683,开采专业及辅助性活动
sz.002685,通用设备制造业
sz.002686,通用设备制造业
sz.002687,纺织服装、服饰业
sz.002688,医药制造业
sz.002689,通用设备制造业
sz.002690,专用设备制造业
sz.002691,专用设备制造业
sz.002692,电气机械和器材制造业
sz.002693,医药制造业
sz.002694,橡胶和塑料制品业
sz.002695,农副食品加工业
sz.002696,农副食品加工业
sz.002697,零售业
sz.002698,通用设备制造业
sz.002700,燃气生产和供应业
sz.002701,金属制品业
sz.002702,农副食品加工业
sz.002703,汽车制造业
sz.002705,电气机械和器材制造业
sz.002706,电气机械和器材制造业
sz.002707,商务服务业
sz.002708,汽车制造业
sz.002709,计算机、通信和其他电子设备制造业
sz.002712,商务服务业
sz.002713,建筑装饰、装修和其他建筑业
sz.002714,畜牧业
sz.002715,汽车制造业
sz.002716,有色金属冶炼和压延加工业
sz.002717,生态保护和环境治理业
sz.002718,其他制造业
sz.002719,食品制造业
sz.002721,文教、工美、体育和娱乐用品制造业
sz.002722,金属制品业
sz.002723,电气机械和器材制造业
sz.002724,电气机械和器材制造业
sz.002725,汽车制造业
sz.002726,农副食品加工业
sz.002727,零售业
sz.002728,医药制造业
sz.002729,计算机、通信和其他电子设备制造业
sz.002730,专用设备制造业
sz.002731,文教、工美、体育和娱乐用品制造业
sz.002732,食品制造业
sz.002733,电气机械和器材制造业
sz.002734,化学原料和化学制品制造业
sz.002735,橡胶和塑料制品业
sz.002736,资本市场服务
sz.002737,医药制造业
sz.002738,有色金属冶炼和压延加工业
sz.002739,广播、电视、电影和录音制作业
sz.002741,计算机、通信和其他电子设备制造业
sz.002742,非金属矿物制品业
sz.002743,金属制品业
sz.002745,电气机械和器材制造业
sz.002746,农副食品加工业
sz.002747,通用设备制造业
sz.002748,化学原料和化学制品制造业
sz.002749,化学原料和化学制品制造业
sz.002752,金属制品业
sz.002753,化学原料和化学制品制造业
sz.002755,医药制造业
sz.002756,有色金属冶炼和压延加工业
sz.002757,专用设备制造业
sz.002758,批发业
sz.002759,化学原料和化学制品制造业
sz.002760,金属制品业
sz.002761,土木工程建筑业
sz.002762,纺织服装、服饰业
sz.002763,纺织服装、服饰业
sz.002765,汽车制造业
sz.002766,计算机、通信和其他电子设备制造业
sz.002767,仪器仪表制造业
sz.002768,橡胶和塑料制品业
sz.002769,商务服务业
sz.002771,软件和信息技术服务业
sz.002772,农业
sz.002773,医药制造业
sz.002774,通用设备制造业
sz.002775,土木工程建筑业
sz.002777,软件和信息技术服务业
sz.002778,石油、煤炭及其他燃料加工业
sz.002779,专用设备制造业
sz.002780,零售业
sz.002782,计算机、通信和其他电子设备制造业
sz.002783,化学原料和化学制品制造业
sz.002785,非金属矿物制品业
sz.002786,专用设备制造业
sz.002787,金属制品业
sz.002788,批发业
sz.002789,建筑装饰、装修和其他建筑业
sz.002790,橡胶和塑料制品业
sz.002791,金属制品业
sz.002792,计算机、通信和其他电子设备制造业
sz.002793,医药制造业
sz.002795,通用设备制造业
sz.002796,计算机、通信和其他电子设备制造业
sz.002797,资本市场服务
sz.002798,非金属矿物制品业
sz.002799,造纸和纸制品业
sz.002800,道路运输业
sz.002801,电气机械和器材制造业
sz.002802,化学原料和化学制品制造业
sz.002803,零售业
sz.002805,计算机、通信和其他电子设备制造业
sz.002806,计算机、通信和其他电子设备制造业
sz.002807,货币金融服务
sz.002808,通用设备制造业
sz.002809,化学原料和化学制品制造业
sz.002810,化学原料和化学制品制造业
sz.002811,专业技术服务业
sz.002812,橡胶和塑料制品业
sz.002813,计算机、通信和其他电子设备制造业
sz.002815,计算机、通信和其他电子设备制造业
sz.002816,通用设备制造业
sz.002817,医药制造业
sz.002818,商务服务业
sz.002819,批发业
sz.002820,食品制造业
sz.002821,医药制造业
sz.002822,建筑装饰、装修和其他建筑业
sz.002823,电气机械和器材制造业
sz.002824,汽车制造业
sz.002825,橡胶和塑料制品业
sz.002826,医药制造业
sz.002827,化学原料和化学制品制造业
sz.002828,开采专业及辅助性活动
sz.002829,铁路、船舶、航空航天和其他运输设备制造业
sz.002830,建筑装饰、装修和其他建筑业
sz.002831,造纸和纸制品业
sz.002832,纺织服装、服饰业
sz.002833,专用设备制造业
sz.002835,计算机、通信和其他电子设备制造业
sz.002836,印刷和记录媒介复制业
sz.002837,专用设备制造业
sz.002838,橡胶和塑料制品业
sz.002839,货币金融服务
sz.002840,农副食品加工业
sz.002841,计算机、通信和其他电子设备制造业
sz.002842,有色金属冶炼和压延加工业
sz.002843,通用设备制造业
sz.002845,计算机、通信和其他电子设备制造业
sz.002846,金属制品业
sz.002847,食品制造业
sz.002848,计算机、通信和其他电子设备制造业
sz.002849,仪器仪表制造业
sz.002850,金属制品业
sz.002851,电气机械和器材制造业
sz.002852,农副食品加工业
sz.002853,家具制造业
sz.002855,计算机、通信和其他电子设备制造业
sz.002856,建筑装饰、装修和其他建筑业
sz.002857,仪器仪表制造业
sz.002858,体育
sz.002859,计算机、通信和其他电子设备制造业
sz.002860,电气机械和器材制造业
sz.002861,计算机、通信和其他电子设备制造业
sz.002862,文教、工美、体育和娱乐用品制造业
sz.002863,汽车制造业
sz.002864,医药制造业
sz.002865,电气机械和器材制造业
sz.002866,计算机、通信和其他电子设备制造业
sz.002867,批发业
sz.002868,医药制造业
sz.002869,计算机、通信和其他电子设备制造业
sz.002870,汽车制造业
sz.002871,通用设备制造业
sz.002872,医药制造业
sz.002873,医药制造业
sz.002875,纺织服装、服饰业
sz.002876,计算机、通信和其他电子设备制造业
sz.002877,通用设备制造业
sz.002878,商务服务业
sz.002879,电气机械和器材制造业
sz.002880,医药制造业
sz.002881,计算机、通信和其他电子设备制造业
sz.002882,电气机械和器材制造业
sz.002883,专业技术服务业
sz.002884,通用设备制造业
sz.002885,计算机、通信和其他电子设备制造业
sz.002886,橡胶和塑料制品业
sz.002887,生态保护和环境治理业
sz.002888,计算机、通信和其他电子设备制造业
sz.002889,商务服务业
sz.002890,专用设备制造业
sz.002891,农副食品加工业
sz.002892,电气机械和器材制造业
sz.002893,电力、热力生产和供应业
sz.002895,化学原料和化学制品制造业
sz.002896,通用设备制造业
sz.002897,电气机械和器材制造业
sz.002898,医药制造业
sz.002899,文教、工美、体育和娱乐用品制造业
sz.002900,医药制造业
sz.002901,专用设备制造业
sz.002902,计算机、通信和其他电子设备制造业
sz.002903,通用设备制造业
sz.002905,广播、电视、电影和录音制作业
sz.002906,计算机、通信和其他电子设备制造业
sz.002907,医药制造业
sz.002908,软件和信息技术服务业
sz.002909,化学原料和化学制品制造业
sz.002910,食品制造业
sz.002911,燃气生产和供应业
sz.002912,软件和信息技术服务业
sz.002913,计算机、通信和其他电子设备制造业
sz.002915,化学原料和化学制品制造业
sz.002916,计算机、通信和其他电子设备制造业
sz.002917,化学原料和化学制品制造业
sz.002918,非金属矿物制品业
sz.002919,互联网和相关服务
sz.002920,计算机、通信和其他电子设备制造业
sz.002921,通用设备制造业
sz.002922,电气机械和器材制造业
sz.002923,医药制造业
sz.002925,计算机、通信和其他电子设备制造业
sz.002926,资本市场服务
sz.002927,电气机械和器材制造业
sz.002928,航空运输业
sz.002929,软件和信息技术服务业
sz.002930,装卸搬运和仓储业
sz.002931,专用设备制造业
sz.002932,医药制造业
sz.002933,铁路、船舶、航空航天和其他运输设备制造业
sz.002935,计算机、通信和其他电子设备制造业
sz.002936,货币金融服务
sz.002937,计算机、通信和其他电子设备制造业
sz.002938,计算机、通信和其他电子设备制造业
sz.002939,资本市场服务
sz.002940,医药制造业
sz.002941,土木工程建筑业
sz.002942,化学原料和化学制品制造业
sz.002943,通用设备制造业
sz.002945,资本市场服务
sz.002946,食品制造业
sz.002947,计算机、通信和其他电子设备制造业
sz.002948,货币金融服务
sz.002949,专业技术服务业
sz.002950,医药制造业
sz.002951,印刷和记录媒介复制业
sz.002952,计算机、通信和其他电子设备制造业
sz.002953,电气机械和器材制造业
sz.002955,计算机、通信和其他电子设备制造业
sz.002956,食品制造业
sz.002957,专用设备制造业
sz.002958,货币金融服务
sz.002959,电气机械和器材制造业
sz.002960,计算机、通信和其他电子设备制造业
sz.002961,资本市场服务
sz.002962,计算机、通信和其他电子设备制造业
sz.002963,建筑装饰、装修和其他建筑业
sz.002965,汽车制造业
sz.002966,货币金融服务
sz.002967,专业技术服务业
sz.002968,房地产业
sz.002969,金属制品业
sz.002970,软件和信息技术服务业
sz.002971,化学原料和化学制品制造业
sz.002972,计算机、通信和其他电子设备制造业
sz.002973,公共设施管理业
sz.002975,专用设备制造业
sz.002976,金属制品业
sz.002977,计算机、通信和其他电子设备制造业
sz.002978,有色金属矿采选业
sz.002979,仪器仪表制造业
sz.002980,仪器仪表制造业
sz.002981,计算机、通信和其他电子设备制造业
sz.002982,畜牧业
sz.002983,计算机、通信和其他电子设备制造业
sz.002984,橡胶和塑料制品业
sz.002985,铁路、船舶、航空航天和其他运输设备制造业
sz.002986,化学原料和化学制品制造业
sz.002987,软件和信息技术服务业
sz.002988,有色金属冶炼和压延加工业
sz.002989,建筑装饰、装修和其他建筑业
sz.002990,软件和信息技术服务业
sz.002991,农副食品加工业
sz.002992,计算机、通信和其他电子设备制造业
sz.002993,计算机、通信和其他电子设备制造业
sz.002995,商务服务业
sz.002996,废弃资源综合利用业
sz.002997,专用设备制造业
sz.002998,化学纤维制造业
sz.002999,零售业
sz.003000,农副食品加工业
sz.003001,土木工程建筑业
sz.003002,化学原料和化学制品制造业
sz.003003,印刷和记录媒介复制业
sz.003004,软件和信息技术服务业
sz.003005,软件和信息技术服务业
sz.003006,造纸和纸制品业
sz.003007,软件和信息技术服务业
sz.003008,专业技术服务业
sz.003009,铁路、船舶、航空航天和其他运输设备制造业
sz.003010,互联网和相关服务
sz.003011,橡胶和塑料制品业
sz.003012,非金属矿物制品业
sz.003013,专业技术服务业
sz.003015,计算机、通信和其他电子设备制造业
sz.003016,纺织服装、服饰业
sz.003017,化学原料和化学制品制造业
sz.003018,橡胶和塑料制品业
sz.003019,计算机、通信和其他电子设备制造业
sz.003020,医药制造业
sz.003021,电气机械和器材制造业
sz.003022,化学原料和化学制品制造业
sz.003023,电气机械和器材制造业
sz.003025,通用设备制造业
sz.003026,计算机、通信和其他电子设备制造业
sz.003027,生态保护和环境治理业
sz.003028,计算机、通信和其他电子设备制造业
sz.003029,软件和信息技术服务业
sz.003030,农副食品加工业
sz.003031,计算机、通信和其他电子设备制造业
sz.003032,教育
sz.003033,铁路、船舶、航空航天和其他运输设备制造业
sz.003035,科技推广和应用服务业
sz.003036,专用设备制造业
sz.003037,非金属矿物制品业
sz.003038,有色金属冶炼和压延加工业
sz.003039,水的生产和供应业
sz.003040,计算机、通信和其他电子设备制造业
sz.003041,纺织业
sz.003042,化学原料和化学制品制造业
sz.003043,金属制品业
sz.003816,电力、热力生产和供应业
sz.300001,电气机械和器材制造业
sz.300002,互联网和相关服务
sz.300003,专用设备制造业
sz.300004,通用设备制造业
sz.300005,纺织服装、服饰业
sz.300006,医药制造业
sz.300007,软件和信息技术服务业
sz.300008,铁路、船舶、航空航天和其他运输设备制造业
sz.300009,医药制造业
sz.300010,软件和信息技术服务业
sz.300011,铁路、船舶、航空航天和其他运输设备制造业
sz.300012,专业技术服务业
sz.300013,装卸搬运和仓储业
sz.300014,电气机械和器材制造业
sz.300015,卫生
sz.300016,医药制造业
sz.300017,软件和信息技术服务业
sz.300018,电气机械和器材制造业
sz.300019,化学原料和化学制品制造业
sz.300020,软件和信息技术服务业
sz.300021,水利管理业
sz.300022,批发业
sz.300024,通用设备制造业
sz.300025,软件和信息技术服务业
sz.300026,医药制造业
sz.300027,广播、电视、电影和录音制作业
sz.300029,土木工程建筑业
sz.300030,专用设备制造业
sz.300031,互联网和相关服务
sz.300032,电气机械和器材制造业
sz.300033,其他金融业
sz.300034,有色金属冶炼和压延加工业
sz.300035,计算机、通信和其他电子设备制造业
sz.300036,软件和信息技术服务业
sz.300037,计算机、通信和其他电子设备制造业
sz.300039,医药制造业
sz.300040,电力、热力生产和供应业
sz.300041,化学原料和化学制品制造业
sz.300042,计算机、通信和其他电子设备制造业
sz.300043,互联网和相关服务
sz.300044,软件和信息技术服务业
sz.300045,计算机、通信和其他电子设备制造业
sz.300046,计算机、通信和其他电子设备制造业
sz.300047,软件和信息技术服务业
sz.300048,电气机械和器材制造业
sz.300049,专用设备制造业
sz.300050,软件和信息技术服务业
sz.300051,软件和信息技术服务业
sz.300052,互联网和相关服务
sz.300053,计算机、通信和其他电子设备制造业
sz.300054,计算机、通信和其他电子设备制造业
sz.300055,化学原料和化学制品制造业
sz.300056,专用设备制造业
sz.300057,有色金属冶炼和压延加工业
sz.300058,商务服务业
sz.300059,资本市场服务
sz.300061,商务服务业
sz.300062,电气机械和器材制造业
sz.300063,商务服务业
sz.300065,计算机、通信和其他电子设备制造业
sz.300066,仪器仪表制造业
sz.300067,化学原料和化学制品制造业
sz.300068,电气机械和器材制造业
sz.300069,电气机械和器材制造业
sz.300070,生态保护和环境治理业
sz.300071,商务服务业
sz.300072,化学原料和化学制品制造业
sz.300073,计算机、通信和其他电子设备制造业
sz.300074,软件和信息技术服务业
sz.300075,软件和信息技术服务业
sz.300076,计算机、通信和其他电子设备制造业
sz.300077,计算机、通信和其他电子设备制造业
sz.300078,计算机、通信和其他电子设备制造业
sz.300079,计算机、通信和其他电子设备制造业
sz.300080,电气机械和器材制造业
sz.300081,软件和信息技术服务业
sz.300082,化学原料和化学制品制造业
sz.300083,通用设备制造业
sz.300084,开采专业及辅助性活动
sz.300085,软件和信息技术服务业
sz.300086,医药制造业
sz.300087,农、林、牧、渔专业及辅助性活动
sz.300088,计算机、通信和其他电子设备制造业
sz.300091,通用设备制造业
sz.300092,专用设备制造业
sz.300093,电气机械和器材制造业
sz.300094,农副食品加工业
sz.300095,通用设备制造业
sz.300096,软件和信息技术服务业
sz.300097,专用设备制造业
sz.300098,软件和信息技术服务业
sz.300099,专用设备制造业
sz.300100,汽车制造业
sz.300101,软件和信息技术服务业
sz.300102,计算机、通信和其他电子设备制造业
sz.300103,废弃资源综合利用业
sz.300105,电气机械和器材制造业
sz.300106,食品制造业
sz.300107,化学原料和化学制品制造业
sz.300109,化学原料和化学制品制造业
sz.300110,医药制造业
sz.300111,医药制造业
sz.300112,仪器仪表制造业
sz.300113,互联网和相关服务
sz.300115,计算机、通信和其他电子设备制造业
sz.300118,电气机械和器材制造业
sz.300119,医药制造业
sz.300120,计算机、通信和其他电子设备制造业
sz.300121,化学原料和化学制品制造业
sz.300122,医药制造业
sz.300123,计算机、通信和其他电子设备制造业
sz.300124,电气机械和器材制造业
sz.300125,电气机械和器材制造业
sz.300126,通用设备制造业
sz.300127,计算机、通信和其他电子设备制造业
sz.300128,计算机、通信和其他电子设备制造业
sz.300129,电气机械和器材制造业
sz.300130,专用设备制造业
sz.300131,批发业
sz.300132,化学原料和化学制品制造业
sz.300133,广播、电视、电影和录音制作业
sz.300134,计算机、通信和其他电子设备制造业
sz.300135,石油、煤炭及其他燃料加工业
sz.300136,计算机、通信和其他电子设备制造业
sz.300137,仪器仪表制造业
sz.300138,农副食品加工业
sz.300139,有色金属矿采选业
sz.300140,生态保护和环境治理业
sz.300141,电气机械和器材制造业
sz.300142,医药制造业
sz.300143,卫生
sz.300144,文化艺术业
sz.300145,通用设备制造业
sz.300146,食品制造业
sz.300147,医药制造业
sz.300148,新闻和出版业
sz.300149,研究和试验发展
sz.300150,软件和信息技术服务业
sz.300151,专用设备制造业
sz.300152,通用设备制造业
sz.300153,电气机械和器材制造业
sz.300154,通用设备制造业
sz.300155,计算机、通信和其他电子设备制造业
sz.300157,通用设备制造业
sz.300158,医药制造业
sz.300159,专用设备制造业
sz.300160,非金属矿物制品业
sz.300161,通用设备制造业
sz.300162,计算机、通信和其他电子设备制造业
sz.300163,纺织业
sz.300164,开采专业及辅助性活动
sz.300165,仪器仪表制造业
sz.300166,软件和信息技术服务业
sz.300167,软件和信息技术服务业
sz.300168,软件和信息技术服务业
sz.300169,橡胶和塑料制品业
sz.300170,软件和信息技术服务业
sz.300171,专用设备制造业
sz.300172,水的生产和供应业
sz.300173,专用设备制造业
sz.300174,化学原料和化学制品制造业
sz.300175,农副食品加工业
sz.300176,汽车制造业
sz.300177,计算机、通信和其他电子设备制造业
sz.300179,非金属矿物制品业
sz.300180,橡胶和塑料制品业
sz.300181,医药制造业
sz.300182,广播、电视、电影和录音制作业
sz.300183,仪器仪表制造业
sz.300184,批发业
sz.300185,金属制品业
sz.300187,生态保护和环境治理业
sz.300188,软件和信息技术服务业
sz.300189,农、林、牧、渔专业及辅助性活动
sz.300190,生态保护和环境治理业
sz.300191,石油和天然气开采业
sz.300192,教育
sz.300193,通用设备制造业
sz.300194,医药制造业
sz.300195,专用设备制造业
sz.300196,非金属矿物制品业
sz.300197,生态保护和环境治理业
sz.300198,橡胶和塑料制品业
sz.300199,医药制造业
sz.300200,化学原料和化学制品制造业
sz.300201,专用设备制造业
sz.300203,仪器仪表制造业
sz.300204,医药制造业
sz.300205,计算机、通信和其他电子设备制造业
sz.300206,专用设备制造业
sz.300207,电气机械和器材制造业
sz.300209,零售业
sz.300210,专用设备制造业
sz.300211,计算机、通信和其他电子设备制造业
sz.300212,软件和信息技术服务业
sz.300213,计算机、通信和其他电子设备制造业
sz.300214,化学原料和化学制品制造业
sz.300215,专业技术服务业
sz.300217,专用设备制造业
sz.300218,橡胶和塑料制品业
sz.300219,计算机、通信和其他电子设备制造业
sz.300220,计算机、通信和其他电子设备制造业
sz.300221,橡胶和塑料制品业
sz.300222,通用设备制造业
sz.300223,计算机、通信和其他电子设备制造业
sz.300224,非金属矿物制品业
sz.300225,化学原料和化学制品制造业
sz.300226,商务服务业
sz.300227,计算机、通信和其他电子设备制造业
sz.300228,专用设备制造业
sz.300229,软件和信息技术服务业
sz.300230,橡胶和塑料制品业
sz.300231,软件和信息技术服务业
sz.300232,计算机、通信和其他电子设备制造业
sz.300233,医药制造业
sz.300234,非金属矿物制品业
sz.300235,软件和信息技术服务业
sz.300236,计算机、通信和其他电子设备制造业
sz.300237,汽车制造业
sz.300238,专用设备制造业
sz.300239,医药制造业
sz.300240,多式联运和运输代理业
sz.300241,计算机、通信和其他电子设备制造业
sz.300242,商务服务业
sz.300243,化学原料和化学制品制造业
sz.300244,卫生
sz.300245,软件和信息技术服务业
sz.300246,专用设备制造业
sz.300247,电气机械和器材制造业
sz.300248,软件和信息技术服务业
sz.300249,软件和信息技术服务业
sz.300250,软件和信息技术服务业
sz.300251,广播、电视、电影和录音制作业
sz.300252,电气机械和器材制造业
sz.300253,软件和信息技术服务业
sz.300254,医药制造业
sz.300255,医药制造业
sz.300256,计算机、通信和其他电子设备制造业
sz.300257,通用设备制造业
sz.300258,汽车制造业
sz.300259,仪器仪表制造业
sz.300260,通用设备制造业
sz.300261,化学原料和化学制品制造业
sz.300263,通用设备制造业
sz.300264,软件和信息技术服务业
sz.300265,电气机械和器材制造业
sz.300266,生态保护和环境治理业
sz.300267,医药制造业
sz.300268,农副食品加工业
sz.300269,计算机、通信和其他电子设备制造业
sz.300270,计算机、通信和其他电子设备制造业
sz.300271,软件和信息技术服务业
sz.300272,电气机械和器材制造业
sz.300274,电气机械和器材制造业
sz.300275,软件和信息技术服务业
sz.300276,专用设备制造业
sz.300277,软件和信息技术服务业
sz.300278,专用设备制造业
sz.300279,计算机、通信和其他电子设备制造业
sz.300281,专用设备制造业
sz.300283,电气机械和器材制造业
sz.300284,专业技术服务业
sz.300285,化学原料和化学制品制造业
sz.300286,仪器仪表制造业
sz.300287,软件和信息技术服务业
sz.300288,电信、广播电视和卫星传输服务
sz.300289,医药制造业
sz.300290,软件和信息技术服务业
sz.300291,广播、电视、电影和录音制作业
sz.300292,软件和信息技术服务业
sz.300293,专用设备制造业
sz.300294,医药制造业
sz.300295,互联网和相关服务
sz.300296,计算机、通信和其他电子设备制造业
sz.300298,专用设备制造业
sz.300299,互联网和相关服务
sz.300300,软件和信息技术服务业
sz.300301,计算机、通信和其他电子设备制造业
sz.300302,软件和信息技术服务业
sz.300303,计算机、通信和其他电子设备制造业
sz.300304,汽车制造业
sz.300305,橡胶和塑料制品业
sz.300306,仪器仪表制造业
sz.300307,专用设备制造业
sz.300308,计算机、通信和其他电子设备制造业
sz.300310,电信、广播电视和卫星传输服务
sz.300311,软件和信息技术服务业
sz.300313,畜牧业
sz.300314,专用设备制造业
sz.300315,互联网和相关服务
sz.300316,专用设备制造业
sz.300317,电气机械和器材制造业
sz.300318,专用设备制造业
sz.300319,计算机、通信和其他电子设备制造业
sz.300320,橡胶和塑料制品业
sz.300321,橡胶和塑料制品业
sz.300322,计算机、通信和其他电子设备制造业
sz.300323,计算机、通信和其他电子设备制造业
sz.300324,软件和信息技术服务业
sz.300326,专用设备制造业
sz.300327,计算机、通信和其他电子设备制造业
sz.300328,金属制品业
sz.300329,文教、工美、体育和娱乐用品制造业
sz.300331,计算机、通信和其他电子设备制造业
sz.300332,燃气生产和供应业
sz.300333,软件和信息技术服务业
sz.300334,专用设备制造业
sz.300335,电力、热力生产和供应业
sz.300337,有色金属冶炼和压延加工业
sz.300338,教育
sz.300339,软件和信息技术服务业
sz.300340,计算机、通信和其他电子设备制造业
sz.300341,仪器仪表制造业
sz.300342,通用设备制造业
sz.300343,化学原料和化学制品制造业
sz.300345,电气机械和器材制造业
sz.300346,计算机、通信和其他电子设备制造业
sz.300347,研究和试验发展
sz.300348,软件和信息技术服务业
sz.300349,软件和信息技术服务业
sz.300350,多式联运和运输代理业
sz.300351,计算机、通信和其他电子设备制造业
sz.300352,软件和信息技术服务业
sz.300353,计算机、通信和其他电子设备制造业
sz.300354,仪器仪表制造业
sz.300355,生态保护和环境治理业
sz.300357,医药制造业
sz.300358,专用设备制造业
sz.300359,教育
sz.300360,仪器仪表制造业
sz.300363,医药制造业
sz.300364,新闻和出版业
sz.300365,软件和信息技术服务业
sz.300366,软件和信息技术服务业
sz.300368,软件和信息技术服务业
sz.300369,软件和信息技术服务业
sz.300370,仪器仪表制造业
sz.300371,仪器仪表制造业
sz.300373,计算机、通信和其他电子设备制造业
sz.300374,非金属矿物制品业
sz.300375,橡胶和塑料制品业
sz.300376,电气机械和器材制造业
sz.300377,软件和信息技术服务业
sz.300378,软件和信息技术服务业
sz.300380,软件和信息技术服务业
sz.300381,医药制造业
sz.300382,专用设备制造业
sz.300383,软件和信息技术服务业
sz.300384,专业技术服务业
sz.300385,专用设备制造业
sz.300386,软件和信息技术服务业
sz.300387,化学原料和化学制品制造业
sz.300388,生态保护和环境治理业
sz.300389,计算机、通信和其他电子设备制造业
sz.300390,计算机、通信和其他电子设备制造业
sz.300393,电气机械和器材制造业
sz.300394,计算机、通信和其他电子设备制造业
sz.300395,非金属矿物制品业
sz.300396,专用设备制造业
sz.300397,计算机、通信和其他电子设备制造业
sz.300398,化学原料和化学制品制造业
sz.300399,软件和信息技术服务业
sz.300400,专用设备制造业
sz.300401,医药制造业
sz.300402,专用设备制造业
sz.300403,电气机械和器材制造业
sz.300404,研究和试验发展
sz.300405,化学原料和化学制品制造业
sz.300406,医药制造业
sz.300407,铁路、船舶、航空航天和其他运输设备制造业
sz.300408,计算机、通信和其他电子设备制造业
sz.300409,计算机、通信和其他电子设备制造业
sz.300410,专用设备制造业
sz.300411,通用设备制造业
sz.300412,专用设备制造业
sz.300413,互联网和相关服务
sz.300414,计算机、通信和其他电子设备制造业
sz.300415,专用设备制造业
sz.300416,专业技术服务业
sz.300417,仪器仪表制造业
sz.300418,互联网和相关服务
sz.300419,软件和信息技术服务业
sz.300420,通用设备制造业
sz.300421,通用设备制造业
sz.300422,生态保护和环境治理业
sz.300423,电气机械和器材制造业
sz.300424,金属制品、机械和设备修理业
sz.300425,专用设备制造业
sz.300426,广播、电视、电影和录音制作业
sz.300427,电气机械和器材制造业
sz.300428,有色金属冶炼和压延加工业
sz.300429,化学原料和化学制品制造业
sz.300430,专用设备制造业
sz.300432,汽车制造业
sz.300433,计算机、通信和其他电子设备制造业
sz.300434,医药制造业
sz.300435,燃气生产和供应业
sz.300436,医药制造业
sz.300437,化学原料和化学制品制造业
sz.300438,电气机械和器材制造业
sz.300439,医药制造业
sz.300440,软件和信息技术服务业
sz.300441,通用设备制造业
sz.300442,软件和信息技术服务业
sz.300443,专用设备制造业
sz.300444,电气机械和器材制造业
sz.300445,仪器仪表制造业
sz.300446,化学原料和化学制品制造业
sz.300447,电气机械和器材制造业
sz.300448,软件和信息技术服务业
sz.300449,计算机、通信和其他电子设备制造业
sz.300450,专用设备制造业
sz.300451,软件和信息技术服务业
sz.300452,医药制造业
sz.300453,专用设备制造业
sz.300454,软件和信息技术服务业
sz.300455,计算机、通信和其他电子设备制造业
sz.300456,计算机、通信和其他电子设备制造业
sz.300457,专用设备制造业
sz.300458,计算机、通信和其他电子设备制造业
sz.300459,互联网和相关服务
sz.300460,计算机、通信和其他电子设备制造业
sz.300461,专用设备制造业
sz.300462,专用设备制造业
sz.300463,医药制造业
sz.300464,零售业
sz.300465,软件和信息技术服务业
sz.300466,仪器仪表制造业
sz.300467,互联网和相关服务
sz.300468,软件和信息技术服务业
sz.300469,软件和信息技术服务业
sz.300470,通用设备制造业
sz.300471,专用设备制造业
sz.300472,专用设备制造业
sz.300473,汽车制造业
sz.300474,计算机、通信和其他电子设备制造业
sz.300475,批发业
sz.300476,计算机、通信和其他电子设备制造业
sz.300477,电气机械和器材制造业
sz.300478,橡胶和塑料制品业
sz.300479,软件和信息技术服务业
sz.300480,专用设备制造业
sz.300481,化学原料和化学制品制造业
sz.300482,医药制造业
sz.300483,石油和天然气开采业
sz.300484,电气机械和器材制造业
sz.300485,医药制造业
sz.300486,通用设备制造业
sz.300487,化学原料和化学制品制造业
sz.300488,金属制品业
sz.300489,计算机、通信和其他电子设备制造业
sz.300490,电气机械和器材制造业
sz.300491,电气机械和器材制造业
sz.300492,教育
sz.300493,批发业
sz.300494,互联网和相关服务
sz.300496,软件和信息技术服务业
sz.300497,医药制造业
sz.300498,畜牧业
sz.300499,电气机械和器材制造业
sz.300500,专业技术服务业
sz.300501,医药制造业
sz.300502,计算机、通信和其他电子设备制造业
sz.300503,通用设备制造业
sz.300504,计算机、通信和其他电子设备制造业
sz.300505,化学原料和化学制品制造业
sz.300506,建筑装饰、装修和其他建筑业
sz.300507,汽车制造业
sz.300508,仪器仪表制造业
sz.300509,通用设备制造业
sz.300510,电气机械和器材制造业
sz.300511,农业
sz.300512,通用设备制造业
sz.300513,软件和信息技术服务业
sz.300514,仪器仪表制造业
sz.300515,仪器仪表制造业
sz.300516,计算机、通信和其他电子设备制造业
sz.300517,土木工程建筑业
sz.300518,互联网和相关服务
sz.300519,医药制造业
sz.300520,软件和信息技术服务业
sz.300521,专用设备制造业
sz.300522,化学原料和化学制品制造业
sz.300523,软件和信息技术服务业
sz.300525,软件和信息技术服务业
sz.300527,专用设备制造业
sz.300528,广播、电视、电影和录音制作业
sz.300529,专用设备制造业
sz.300530,电气机械和器材制造业
sz.300531,计算机、通信和其他电子设备制造业
sz.300532,软件和信息技术服务业
sz.300533,互联网和相关服务
sz.300534,医药制造业
sz.300535,化学原料和化学制品制造业
sz.300536,土木工程建筑业
sz.300537,化学原料和化学制品制造业
sz.300538,批发业
sz.300539,橡胶和塑料制品业
sz.300540,通用设备制造业
sz.300541,软件和信息技术服务业
sz.300542,软件和信息技术服务业
sz.300543,计算机、通信和其他电子设备制造业
sz.300545,专用设备制造业
sz.300546,计算机、通信和其他电子设备制造业
sz.300547,橡胶和塑料制品业
sz.300548,计算机、通信和其他电子设备制造业
sz.300549,专用设备制造业
sz.300550,软件和信息技术服务业
sz.300551,通用设备制造业
sz.300552,计算机、通信和其他电子设备制造业
sz.300553,仪器仪表制造业
sz.300554,非金属矿物制品业
sz.300555,计算机、通信和其他电子设备制造业
sz.300556,软件和信息技术服务业
sz.300557,专用设备制造业
sz.300558,医药制造业
sz.300559,软件和信息技术服务业
sz.300560,软件和信息技术服务业
sz.300561,软件和信息技术服务业
sz.300562,专用设备制造业
sz.300563,计算机、通信和其他电子设备制造业
sz.300564,专业技术服务业
sz.300565,计算机、通信和其他电子设备制造业
sz.300566,计算机、通信和其他电子设备制造业
sz.300567,仪器仪表制造业
sz.300568,化学原料和化学制品制造业
sz.300569,电气机械和器材制造业
sz.300570,计算机、通信和其他电子设备制造业
sz.300571,计算机、通信和其他电子设备制造业
sz.300572,仪器仪表制造业
sz.300573,医药制造业
sz.300575,化学原料和化学制品制造业
sz.300576,计算机、通信和其他电子设备制造业
sz.300577,皮革、毛皮、羽毛及其制品和制鞋业
sz.300578,软件和信息技术服务业
sz.300579,软件和信息技术服务业
sz.300580,汽车制造业
sz.300581,计算机、通信和其他电子设备制造业
sz.300582,计算机、通信和其他电子设备制造业
sz.300583,医药制造业
sz.300584,医药制造业
sz.300585,汽车制造业
sz.300586,化学原料和化学制品制造业
sz.300587,橡胶和塑料制品业
sz.300588,软件和信息技术服务业
sz.300589,铁路、船舶、航空航天和其他运输设备制造业
sz.300590,计算机、通信和其他电子设备制造业
sz.300591,皮革、毛皮、羽毛及其制品和制鞋业
sz.300592,零售业
sz.300593,电气机械和器材制造业
sz.300594,铁路、船舶、航空航天和其他运输设备制造业
sz.300595,专用设备制造业
sz.300596,化学原料和化学制品制造业
sz.300597,软件和信息技术服务业
sz.300598,软件和信息技术服务业
sz.300599,橡胶和塑料制品业
sz.300600,铁路、船舶、航空航天和其他运输设备制造业
sz.300601,医药制造业
sz.300602,计算机、通信和其他电子设备制造业
sz.300603,软件和信息技术服务业
sz.300604,专用设备制造业
sz.300605,软件和信息技术服务业
sz.300606,非金属矿物制品业
sz.300607,通用设备制造业
sz.300608,软件和信息技术服务业
sz.300609,软件和信息技术服务业
sz.300610,化学原料和化学制品制造业
sz.300611,汽车制造业
sz.300612,商务服务业
sz.300613,软件和信息技术服务业
sz.300614,生态保护和环境治理业
sz.300615,计算机、通信和其他电子设备制造业
sz.300616,家具制造业
sz.300617,电气机械和器材制造业
sz.300618,有色金属冶炼和压延加工业
sz.300619,专用设备制造业
sz.300620,计算机、通信和其他电子设备制造业
sz.300621,建筑装饰、装修和其他建筑业
sz.300622,零售业
sz.300623,计算机、通信和其他电子设备制造业
sz.300624,软件和信息技术服务业
sz.300625,电气机械和器材制造业
sz.300626,电气机械和器材制造业
sz.300627,计算机、通信和其他电子设备制造业
sz.300628,计算机、通信和其他电子设备制造业
sz.300629,计算机、通信和其他电子设备制造业
sz.300631,专用设备制造业
sz.300632,电气机械和器材制造业
sz.300633,专用设备制造业
sz.300634,软件和信息技术服务业
sz.300635,专业技术服务业
sz.300636,医药制造业
sz.300637,化学原料和化学制品制造业
sz.300638,计算机、通信和其他电子设备制造业
sz.300639,医药制造业
sz.300640,文教、工美、体育和娱乐用品制造业
sz.300641,化学原料和化学制品制造业
sz.300642,医药制造业
sz.300643,汽车制造业
sz.300644,橡胶和塑料制品业
sz.300645,软件和信息技术服务业
sz.300647,计算机、通信和其他电子设备制造业
sz.300648,专用设备制造业
sz.300649,专业技术服务业
sz.300650,批发业
sz.300651,文教、工美、体育和娱乐用品制造业
sz.300652,汽车制造业
sz.300653,专用设备制造业
sz.300654,新闻和出版业
sz.300655,化学原料和化学制品制造业
sz.300656,计算机、通信和其他电子设备制造业
sz.300657,计算机、通信和其他电子设备制造业
sz.300658,纺织业
sz.300659,软件和信息技术服务业
sz.300660,电气机械和器材制造业
sz.300661,计算机、通信和其他电子设备制造业
sz.300662,商务服务业
sz.300663,软件和信息技术服务业
sz.300664,生态保护和环境治理业
sz.300665,化学原料和化学制品制造业
sz.300666,计算机、通信和其他电子设备制造业
sz.300667,仪器仪表制造业
sz.300668,商务服务业
sz.300669,通用设备制造业
sz.300670,电气机械和器材制造业
sz.300671,软件和信息技术服务业
sz.300672,计算机、通信和其他电子设备制造业
sz.300673,农副食品加工业
sz.300674,软件和信息技术服务业
sz.300675,专业技术服务业
sz.300676,专业技术服务业
sz.300677,橡胶和塑料制品业
sz.300678,软件和信息技术服务业
sz.300679,计算机、通信和其他电子设备制造业
sz.300680,汽车制造业
sz.300681,汽车制造业
sz.300682,软件和信息技术服务业
sz.300683,医药制造业
sz.300684,计算机、通信和其他电子设备制造业
sz.300685,医药制造业
sz.300686,计算机、通信和其他电子设备制造业
sz.300687,软件和信息技术服务业
sz.300688,商务服务业
sz.300689,计算机、通信和其他电子设备制造业
sz.300690,非金属矿物制品业
sz.300691,计算机、通信和其他电子设备制造业
sz.300692,生态保护和环境治理业
sz.300693,电气机械和器材制造业
sz.300694,汽车制造业
sz.300695,汽车制造业
sz.300696,铁路、船舶、航空航天和其他运输设备制造业
sz.300697,有色金属冶炼和压延加工业
sz.300698,计算机、通信和其他电子设备制造业
sz.300699,化学纤维制造业
sz.300700,非金属矿物制品业
sz.300701,计算机、通信和其他电子设备制造业
sz.300702,医药制造业
sz.300703,文教、工美、体育和娱乐用品制造业
sz.300705,医药制造业
sz.300706,计算机、通信和其他电子设备制造业
sz.300707,专用设备制造业
sz.300708,计算机、通信和其他电子设备制造业
sz.300709,计算机、通信和其他电子设备制造业
sz.300710,计算机、通信和其他电子设备制造业
sz.300711,计算机、通信和其他电子设备制造业
sz.300712,土木工程建筑业
sz.300713,电气机械和器材制造业
sz.300715,非金属矿物制品业
sz.300716,橡胶和塑料制品业
sz.300717,橡胶和塑料制品业
sz.300718,通用设备制造业
sz.300719,铁路、船舶、航空航天和其他运输设备制造业
sz.300720,仪器仪表制造业
sz.300721,化学原料和化学制品制造业
sz.300722,其他制造业
sz.300723,医药制造业
sz.300724,专用设备制造业
sz.300725,研究和试验发展
sz.300726,计算机、通信和其他电子设备制造业
sz.300727,化学原料和化学制品制造业
sz.300729,家具制造业
sz.300730,软件和信息技术服务业
sz.300731,橡胶和塑料制品业
sz.300732,专业技术服务业
sz.300733,汽车制造业
sz.300735,计算机、通信和其他电子设备制造业
sz.300736,机动车、电子产品和日用产品修理业
sz.300737,非金属矿物制品业
sz.300738,软件和信息技术服务业
sz.300739,计算机、通信和其他电子设备制造业
sz.300740,化学原料和化学制品制造业
sz.300741,化学原料和化学制品制造业
sz.300743,计算机、通信和其他电子设备制造业
sz.300745,汽车制造业
sz.300746,专业技术服务业
sz.300747,计算机、通信和其他电子设备制造业
sz.300748,非金属矿物制品业
sz.300749,家具制造业
sz.300750,电气机械和器材制造业
sz.300751,专用设备制造业
sz.300752,计算机、通信和其他电子设备制造业
sz.300753,专用设备制造业
sz.300755,批发业
sz.300756,文教、工美、体育和娱乐用品制造业
sz.300757,专用设备制造业
sz.300758,化学原料和化学制品制造业
sz.300759,研究和试验发展
sz.300760,专用设备制造业
sz.300761,畜牧业
sz.300762,计算机、通信和其他电子设备制造业
sz.300763,电气机械和器材制造业
sz.300765,食品制造业
sz.300766,互联网和相关服务
sz.300767,橡胶和塑料制品业
sz.300768,软件和信息技术服务业
sz.300769,计算机、通信和其他电子设备制造业
sz.300770,电信、广播电视和卫星传输服务
sz.300771,专用设备制造业
sz.300772,通用设备制造业
sz.300773,软件和信息技术服务业
sz.300774,生态保护和环境治理业
sz.300775,铁路、船舶、航空航天和其他运输设备制造业
sz.300776,专用设备制造业
sz.300777,化学纤维制造业
sz.300778,专业技术服务业
sz.300779,废弃资源综合利用业
sz.300780,通用设备制造业
sz.300781,商务服务业
sz.300782,计算机、通信和其他电子设备制造业
sz.300783,零售业
sz.300784,橡胶和塑料制品业
sz.300785,互联网和相关服务
sz.300786,专用设备制造业
sz.300787,计算机、通信和其他电子设备制造业
sz.300788,新闻和出版业
sz.300789,软件和信息技术服务业
sz.300790,计算机、通信和其他电子设备制造业
sz.300791,食品制造业
sz.300792,互联网和相关服务
sz.300793,计算机、通信和其他电子设备制造业
sz.300795,商务服务业
sz.300796,化学原料和化学制品制造业
sz.300797,专业技术服务业
sz.300798,化学原料和化学制品制造业
sz.300800,仪器仪表制造业
sz.300801,化学原料和化学制品制造业
sz.300802,计算机、通信和其他电子设备制造业
sz.300803,其他金融业
sz.300804,化学原料和化学制品制造业
sz.300805,商务服务业
sz.300806,橡胶和塑料制品业
sz.300807,计算机、通信和其他电子设备制造业
sz.300808,电气机械和器材制造业
sz.300809,通用设备制造业
sz.300810,软件和信息技术服务业
sz.300811,计算机、通信和其他电子设备制造业
sz.300812,专用设备制造业
sz.300813,专用设备制造业
sz.300814,计算机、通信和其他电子设备制造业
sz.300815,公共设施管理业
sz.300816,生态保护和环境治理业
sz.300817,通用设备制造业
sz.300818,专用设备制造业
sz.300819,纺织业
sz.300820,电气机械和器材制造业
sz.300821,化学原料和化学制品制造业
sz.300822,计算机、通信和其他电子设备制造业
sz.300823,专用设备制造业
sz.300824,电气机械和器材制造业
sz.300825,专业技术服务业
sz.300826,专业技术服务业
sz.300827,电气机械和器材制造业
sz.300828,计算机、通信和其他电子设备制造业
sz.300829,食品制造业
sz.300830,软件和信息技术服务业
sz.300831,计算机、通信和其他电子设备制造业
sz.300832,医药制造业
sz.300833,电气机械和器材制造业
sz.300834,化学原料和化学制品制造业
sz.300835,计算机、通信和其他电子设备制造业
sz.300836,专用设备制造业
sz.300837,专用设备制造业
sz.300838,通用设备制造业
sz.300839,石油、煤炭及其他燃料加工业
sz.300840,纺织服装、服饰业
sz.300841,医药制造业
sz.300842,计算机、通信和其他电子设备制造业
sz.300843,计算机、通信和其他电子设备制造业
sz.300844,专业技术服务业
sz.300845,软件和信息技术服务业
sz.300846,软件和信息技术服务业
sz.300847,计算机、通信和其他电子设备制造业
sz.300848,化学原料和化学制品制造业
sz.300849,橡胶和塑料制品业
sz.300850,通用设备制造业
sz.300851,软件和信息技术服务业
sz.300852,计算机、通信和其他电子设备制造业
sz.300853,通用设备制造业
sz.300854,生态保护和环境治理业
sz.300855,有色金属冶炼和压延加工业
sz.300856,化学原料和化学制品制造业
sz.300857,计算机、通信和其他电子设备制造业
sz.300858,食品制造业
sz.300859,公共设施管理业
sz.300860,文化艺术业
sz.300861,非金属矿物制品业
sz.300862,仪器仪表制造业
sz.300863,汽车制造业
sz.300864,商务服务业
sz.300865,专用设备制造业
sz.300866,计算机、通信和其他电子设备制造业
sz.300867,生态保护和环境治理业
sz.300868,橡胶和塑料制品业
sz.300869,专用设备制造业
sz.300870,计算机、通信和其他电子设备制造业
sz.300871,医药制造业
sz.300872,软件和信息技术服务业
sz.300873,多式联运和运输代理业
sz.300875,专用设备制造业
sz.300876,化学纤维制造业
sz.300877,纺织业
sz.300878,医药制造业
sz.300879,专用设备制造业
sz.300880,仪器仪表制造业
sz.300881,金属制品业
sz.300882,仪器仪表制造业
sz.300883,造纸和纸制品业
sz.300884,计算机、通信和其他电子设备制造业
sz.300885,金属制品业
sz.300886,化学原料和化学制品制造业
sz.300887,专业技术服务业
sz.300888,纺织业
sz.300889,电气机械和器材制造业
sz.300890,非金属矿物制品业
sz.300891,化学原料和化学制品制造业
sz.300892,零售业
sz.300893,汽车制造业
sz.300894,电气机械和器材制造业
sz.300895,软件和信息技术服务业
sz.300896,专用设备制造业
sz.300897,仪器仪表制造业
sz.300898,食品制造业
sz.300899,生态保护和环境治理业
sz.300900,铁路、船舶、航空航天和其他运输设备制造业
sz.300901,专业技术服务业
sz.300902,专用设备制造业
sz.300903,计算机、通信和其他电子设备制造业
sz.300904,通用设备制造业
sz.300905,橡胶和塑料制品业
sz.300906,铁路、船舶、航空航天和其他运输设备制造业
sz.300907,电气机械和器材制造业
sz.300908,食品制造业
sz.300909,计算机、通信和其他电子设备制造业
sz.300910,化学原料和化学制品制造业
sz.300911,电气机械和器材制造业
sz.300912,生态保护和环境治理业
sz.300913,电气机械和器材制造业
sz.300915,食品制造业
sz.300916,计算机、通信和其他电子设备制造业
sz.300917,房地产业
sz.300918,纺织业
sz.300919,计算机、通信和其他电子设备制造业
sz.300920,橡胶和塑料制品业
sz.300921,互联网和相关服务
sz.300922,其他制造业
sz.300923,铁路、船舶、航空航天和其他运输设备制造业
sz.300925,软件和信息技术服务业
sz.300926,汽车制造业
sz.300927,化学原料和化学制品制造业
sz.300928,专业技术服务业
sz.300929,生态保护和环境治理业
sz.300930,废弃资源综合利用业
sz.300931,通用设备制造业
sz.300932,电气机械和器材制造业
sz.300933,电气机械和器材制造业
sz.300935,软件和信息技术服务业
sz.300936,计算机、通信和其他电子设备制造业
sz.300937,批发业
sz.300938,专业技术服务业
sz.300939,计算机、通信和其他电子设备制造业
sz.300940,计算机、通信和其他电子设备制造业
sz.300941,软件和信息技术服务业
sz.300942,医药制造业
sz.300943,通用设备制造业
sz.300945,零售业
sz.300946,金属制品业
sz.300947,商务服务业
sz.300948,生态保护和环境治理业
sz.300949,专业技术服务业
sz.300950,专用设备制造业
sz.300951,计算机、通信和其他电子设备制造业
sz.300952,纺织业
sz.300953,金属制品业
sz.300955,化学原料和化学制品制造业
sz.300956,计算机、通信和其他电子设备制造业
sz.300957,化学原料和化学制品制造业
sz.300958,生态保护和环境治理业
sz.300959,软件和信息技术服务业
sz.300960,铁路、船舶、航空航天和其他运输设备制造业
sz.300961,生态保护和环境治理业
sz.300962,其他制造业
sz.300963,有色金属冶炼和压延加工业
sz.300964,计算机、通信和其他电子设备制造业
sz.300965,计算机、通信和其他电子设备制造业
sz.300966,医药制造业
sz.300967,畜牧业
sz.300968,计算机、通信和其他电子设备制造业
sz.300969,汽车制造业
sz.300970,农业
sz.300971,通用设备制造业
sz.300972,零售业
sz.300973,食品制造业
sz.300975,批发业
sz.300976,计算机、通信和其他电子设备制造业
sz.300977,专业技术服务业
sz.300978,汽车制造业
sz.300979,皮革、毛皮、羽毛及其制品和制鞋业
sz.300980,橡胶和塑料制品业
sz.300981,橡胶和塑料制品业
sz.300982,土木工程建筑业
sz.300983,专业技术服务业
sz.300984,通用设备制造业
sz.300985,金属制品业
sz.300986,金属制品业
sz.300987,互联网和相关服务
sz.300988,金属制品业
sz.300989,专业技术服务业
sz.300990,通用设备制造业
sz.300991,计算机、通信和其他电子设备制造业
sz.300992,通用设备制造业
sz.300993,纺织业
sz.300994,铁路、船舶、航空航天和其他运输设备制造业
sz.300995,橡胶和塑料制品业
sz.300996,软件和信息技术服务业
sz.300997,酒、饮料和精制茶制造业
sz.300998,专用设备制造业
sz.300999,农副食品加工业
sz.301000,橡胶和塑料制品业
sz.301001,零售业
sz.301002,计算机、通信和其他电子设备制造业
sz.301003,橡胶和塑料制品业
sz.301004,金属制品业
sz.301005,汽车制造业
sz.301006,仪器仪表制造业
sz.301007,汽车制造业
sz.301008,电气机械和器材制造业
sz.301009,造纸和纸制品业
sz.301010,非金属矿物制品业
sz.301011,文教、工美、体育和娱乐用品制造业
sz.301012,电气机械和器材制造业
sz.301013,专用设备制造业
sz.301015,批发业
sz.301016,铁路、船舶、航空航天和其他运输设备制造业
sz.301017,零售业
sz.301018,专用设备制造业
sz.301019,橡胶和塑料制品业
sz.301020,通用设备制造业
sz.301021,计算机、通信和其他电子设备制造业
sz.301022,专用设备制造业
sz.301023,通用设备制造业
sz.301024,专业技术服务业
sz.301025,新闻和出版业
sz.301026,废弃资源综合利用业
sz.301027,专业技术服务业
sz.301028,通用设备制造业
sz.301029,通用设备制造业
sz.301030,专用设备制造业
sz.301031,电气机械和器材制造业
sz.301032,通用设备制造业
sz.301033,专用设备制造业
sz.301035,化学原料和化学制品制造业
sz.301036,化学原料和化学制品制造业
sz.301037,化学原料和化学制品制造业
sz.301038,专业技术服务业
sz.301039,汽车制造业
sz.301040,金属制品业
sz.301041,计算机、通信和其他电子设备制造业
sz.301042,计算机、通信和其他电子设备制造业
sz.301043,通用设备制造业
sz.301045,计算机、通信和其他电子设备制造业
sz.301046,土木工程建筑业
sz.301047,研究和试验发展
sz.301048,铁路、船舶、航空航天和其他运输设备制造业
sz.301049,生态保护和环境治理业
sz.301050,计算机、通信和其他电子设备制造业
sz.301051,计算机、通信和其他电子设备制造业
sz.301052,新闻和出版业
sz.301053,专用设备制造业
sz.301055,金属制品业
sz.301056,通用设备制造业
sz.301057,化学纤维制造业
sz.301058,专业技术服务业
sz.301059,化学原料和化学制品制造业
sz.301060,批发业
sz.301061,家具制造业
sz.301062,造纸和纸制品业
sz.301063,金属制品业
sz.301065,化学原料和化学制品制造业
sz.301066,纺织服装、服饰业
sz.301067,计算机、通信和其他电子设备制造业
sz.301068,废弃资源综合利用业
sz.301069,化学原料和化学制品制造业
sz.301070,通用设备制造业
sz.301071,非金属矿物制品业
sz.301072,汽车制造业
sz.301073,住宿业
sz.301075,医药制造业
sz.301076,化学原料和化学制品制造业
sz.301077,化学原料和化学制品制造业
sz.301078,零售业
sz.301079,通用设备制造业
sz.301080,研究和试验发展
sz.301081,专用设备制造业
sz.301082,电气机械和器材制造业
sz.301083,专用设备制造业
sz.301085,软件和信息技术服务业
sz.301086,计算机、通信和其他电子设备制造业
sz.301087,专用设备制造业
sz.301088,零售业
sz.301089,医药制造业
sz.301090,化学原料和化学制品制造业
sz.301091,专业技术服务业
sz.301092,化学原料和化学制品制造业
sz.301093,医药制造业
sz.301095,软件和信息技术服务业
sz.301096,研究和试验发展
sz.301097,专用设备制造业
sz.301098,土木工程建筑业
sz.301099,批发业
sz.301100,化学原料和化学制品制造业
sz.301101,专用设备制造业
sz.301102,商务服务业
sz.301103,卫生
sz.301105,通用设备制造业
sz.301106,计算机、通信和其他电子设备制造业
sz.301107,通用设备制造业
sz.301108,化学原料和化学制品制造业
sz.301109,生态保护和环境治理业
sz.301110,互联网和相关服务
sz.301111,医药制造业
sz.301112,专用设备制造业
sz.301113,家具制造业
sz.301115,专业技术服务业
sz.301116,农副食品加工业
sz.301117,软件和信息技术服务业
sz.301118,化学原料和化学制品制造业
sz.301119,汽车制造业
sz.301120,电气机械和器材制造业
sz.301121,电气机械和器材制造业
sz.301122,专用设备制造业
sz.301123,计算机、通信和其他电子设备制造业
sz.301125,通用设备制造业
sz.301126,零售业
sz.301127,水的生产和供应业
sz.301128,专用设备制造业
sz.301129,仪器仪表制造业
sz.301130,医药制造业
sz.301131,橡胶和塑料制品业
sz.301132,计算机、通信和其他电子设备制造业
sz.301133,汽车制造业
sz.301135,计算机、通信和其他电子设备制造业
sz.301136,专业技术服务业
sz.301137,金属制品业
sz.301138,专用设备制造业
sz.301139,软件和信息技术服务业
sz.301141,计算机、通信和其他电子设备制造业
sz.301148,生态保护和环境治理业
sz.301149,化学原料和化学制品制造业
sz.301150,计算机、通信和其他电子设备制造业
sz.301151,通用设备制造业
sz.301152,计算机、通信和其他电子设备制造业
sz.301153,软件和信息技术服务业
sz.301155,电气机械和器材制造业
sz.301156,食品制造业
sz.301157,计算机、通信和其他电子设备制造业
sz.301158,专用设备制造业
sz.301159,软件和信息技术服务业
sz.301160,金属制品业
sz.301161,橡胶和塑料制品业
sz.301162,软件和信息技术服务业
sz.301163,金属制品业
sz.301165,计算机、通信和其他电子设备制造业
sz.301166,批发业
sz.301167,专业技术服务业
sz.301168,电气机械和器材制造业
sz.301169,商务服务业
sz.301170,汽车制造业
sz.301171,互联网和相关服务
sz.301172,软件和信息技术服务业
sz.301173,汽车制造业
sz.301175,公共设施管理业
sz.301176,计算机、通信和其他电子设备制造业
sz.301177,零售业
sz.301178,软件和信息技术服务业
sz.301179,软件和信息技术服务业
sz.301180,计算机、通信和其他电子设备制造业
sz.301181,汽车制造业
sz.301182,计算机、通信和其他电子设备制造业
sz.301183,计算机、通信和其他电子设备制造业
sz.301185,软件和信息技术服务业
sz.301186,专用设备制造业
sz.301187,电气机械和器材制造业
sz.301188,非金属矿物制品业
sz.301189,计算机、通信和其他电子设备制造业
sz.301190,化学原料和化学制品制造业
sz.301191,计算机、通信和其他电子设备制造业
sz.301192,汽车制造业
sz.301193,橡胶和塑料制品业
sz.301195,软件和信息技术服务业
sz.301196,橡胶和塑料制品业
sz.301197,软件和信息技术服务业
sz.301198,橡胶和塑料制品业
sz.301199,专用设备制造业
sz.301200,专用设备制造业
sz.301201,医药制造业
sz.301202,金属制品业
sz.301203,生态保护和环境治理业
sz.301205,计算机、通信和其他电子设备制造业
sz.301206,食品制造业
sz.301207,医药制造业
sz.301208,软件和信息技术服务业
sz.301209,化学原料和化学制品制造业
sz.301210,电气机械和器材制造业
sz.301211,医药制造业
sz.301212,化学原料和化学制品制造业
sz.301213,软件和信息技术服务业
sz.301215,专业技术服务业
sz.301216,化学原料和化学制品制造业
sz.301217,计算机、通信和其他电子设备制造业
sz.301218,软件和信息技术服务业
sz.301219,有色金属冶炼和压延加工业
sz.301220,化学原料和化学制品制造业
sz.301221,软件和信息技术服务业
sz.301222,电气机械和器材制造业
sz.301223,印刷和记录媒介复制业
sz.301225,汽车制造业
sz.301226,电气机械和器材制造业
sz.301227,木材加工和木、竹、藤、棕、草制品业
sz.301228,专业技术服务业
sz.301229,汽车制造业
sz.301230,研究和试验发展
sz.301231,新闻和出版业
sz.301232,通用设备制造业
sz.301233,橡胶和塑料制品业
sz.301234,专用设备制造业
sz.301235,建筑安装业
sz.301236,软件和信息技术服务业
sz.301237,橡胶和塑料制品业
sz.301238,化学原料和化学制品制造业
sz.301239,卫生
sz.301246,医药制造业
sz.301248,软件和信息技术服务业
sz.301251,计算机、通信和其他电子设备制造业
sz.301252,通用设备制造业
sz.301255,通用设备制造业
sz.301256,化学原料和化学制品制造业
sz.301257,研究和试验发展
sz.301258,医药制造业
sz.301259,生态保护和环境治理业
sz.301260,专用设备制造业
sz.301261,通用设备制造业
sz.301262,电信、广播电视和卫星传输服务
sz.301263,批发业
sz.301265,废弃资源综合利用业
sz.301266,电气机械和器材制造业
sz.301267,卫生
sz.301268,金属制品业
sz.301269,软件和信息技术服务业
sz.301270,软件和信息技术服务业
sz.301272,通用设备制造业
sz.301273,通用设备制造业
sz.301275,计算机、通信和其他电子设备制造业
sz.301276,纺织服装、服饰业
sz.301277,医药制造业
sz.301278,电气机械和器材制造业
sz.301279,通用设备制造业
sz.301280,计算机、通信和其他电子设备制造业
sz.301281,医药制造业
sz.301282,计算机、通信和其他电子设备制造业
sz.301283,化学原料和化学制品制造业
sz.301285,计算机、通信和其他电子设备制造业
sz.301286,化学原料和化学制品制造业
sz.301287,文教、工美、体育和娱乐用品制造业
sz.301288,专用设备制造业
sz.301289,专业技术服务业
sz.301290,专用设备制造业
sz.301291,电气机械和器材制造业
sz.301292,化学原料和化学制品制造业
sz.301293,卫生
sz.301295,电气机械和器材制造业
sz.301296,造纸和纸制品业
sz.301297,专业技术服务业
sz.301298,汽车制造业
sz.301299,互联网和相关服务
sz.301300,化学原料和化学制品制造业
sz.301301,医药制造业
sz.301302,软件和信息技术服务业
sz.301303,仪器仪表制造业
sz.301305,生态保护和环境治理业
sz.301306,专业技术服务业
sz.301307,金属制品业
sz.301308,计算机、通信和其他电子设备制造业
sz.301309,通用设备制造业
sz.301310,汽车制造业
sz.301311,通用设备制造业
sz.301312,专用设备制造业
sz.301313,软件和信息技术服务业
sz.301314,计算机、通信和其他电子设备制造业
sz.301315,软件和信息技术服务业
sz.301316,软件和信息技术服务业
sz.301317,通用设备制造业
sz.301318,计算机、通信和其他电子设备制造业
sz.301319,计算机、通信和其他电子设备制造业
sz.301320,电气机械和器材制造业
sz.301321,计算机、通信和其他电子设备制造业
sz.301322,铁路、船舶、航空航天和其他运输设备制造业
sz.301323,橡胶和塑料制品业
sz.301325,专用设备制造业
sz.301326,计算机、通信和其他电子设备制造业
sz.301327,电气机械和器材制造业
sz.301328,计算机、通信和其他电子设备制造业
sz.301329,计算机、通信和其他电子设备制造业
sz.301330,计算机、通信和其他电子设备制造业
sz.301331,医药制造业
sz.301332,电气机械和器材制造业
sz.301333,研究和试验发展
sz.301335,其他制造业
sz.301336,家具制造业
sz.301337,软件和信息技术服务业
sz.301338,专用设备制造业
sz.301339,软件和信息技术服务业
sz.301345,铁路、船舶、航空航天和其他运输设备制造业
sz.301348,计算机、通信和其他电子设备制造业
sz.301349,化学原料和化学制品制造业
sz.301353,通用设备制造业
sz.301355,造纸和纸制品业
sz.301356,橡胶和塑料制品业
sz.301357,其他制造业
sz.301358,计算机、通信和其他电子设备制造业
sz.301359,电气机械和器材制造业
sz.301360,专用设备制造业
sz.301361,电气机械和器材制造业
sz.301362,电气机械和器材制造业
sz.301363,专用设备制造业
sz.301365,专业技术服务业
sz.301366,计算机、通信和其他电子设备制造业
sz.301367,专用设备制造业
sz.301368,通用设备制造业
sz.301369,专用设备制造业
sz.301370,批发业
sz.301371,化学原料和化学制品制造业
sz.301372,生态保护和环境治理业
sz.301373,化学原料和化学制品制造业
sz.301376,零售业
sz.301377,金属制品业
sz.301378,软件和信息技术服务业
sz.301379,计算机、通信和其他电子设备制造业
sz.301380,软件和信息技术服务业
sz.301381,零售业
sz.301382,互联网和相关服务
sz.301383,计算机、通信和其他电子设备制造业
sz.301386,电气机械和器材制造业
sz.301387,计算机、通信和其他电子设备制造业
sz.301388,电气机械和器材制造业
sz.301389,计算机、通信和其他电子设备制造业
sz.301390,专业技术服务业
sz.301391,计算机、通信和其他电子设备制造业
sz.301392,通用设备制造业
sz.301393,化学原料和化学制品制造业
sz.301395,化学原料和化学制品制造业
sz.301396,软件和信息技术服务业
sz.301397,汽车制造业
sz.301398,金属制品业
sz.301399,通用设备制造业
sz.301408,零售业
sz.301413,计算机、通信和其他电子设备制造业
sz.301418,电气机械和器材制造业
sz.301419,计算机、通信和其他电子设备制造业
sz.301421,仪器仪表制造业
sz.301428,互联网和相关服务
sz.301429,化学原料和化学制品制造业
sz.301439,电气机械和器材制造业
sz.301446,通用设备制造业
sz.301448,通用设备制造业
sz.301449,专业技术服务业
sz.301456,专用设备制造业
sz.301458,计算机、通信和其他电子设备制造业
sz.301459,橡胶和塑料制品业
sz.301468,专用设备制造业
sz.301469,造纸和纸制品业
sz.301479,计算机、通信和其他电子设备制造业
sz.301486,计算机、通信和其他电子设备制造业
sz.301487,化学原料和化学制品制造业
sz.301488,计算机、通信和其他电子设备制造业
sz.301489,计算机、通信和其他电子设备制造业
sz.301491,计算机、通信和其他电子设备制造业
sz.301498,农副食品加工业
sz.301499,汽车制造业
sz.301500,废弃资源综合利用业
sz.301501,造纸和纸制品业
sz.301502,电气机械和器材制造业
sz.301503,计算机、通信和其他电子设备制造业
sz.301505,专业技术服务业
sz.301507,医药制造业
sz.301508,专业技术服务业
sz.301509,医药制造业
sz.301510,仪器仪表制造业
sz.301511,计算机、通信和其他电子设备制造业
sz.301512,专用设备制造业
sz.301513,专用设备制造业
sz.301515,专用设备制造业
sz.301516,计算机、通信和其他电子设备制造业
sz.301517,计算机、通信和其他电子设备制造业
sz.301518,化学原料和化学制品制造业
sz.301519,生态保护和环境治理业
sz.301520,研究和试验发展
sz.301522,金属制品业
sz.301525,电气机械和器材制造业
sz.301526,非金属矿物制品业
sz.301528,仪器仪表制造业
sz.301529,汽车制造业
sz.301531,计算机、通信和其他电子设备制造业
sz.301533,专用设备制造业
sz.301535,汽车制造业
sz.301536,计算机、通信和其他电子设备制造业
sz.301538,橡胶和塑料制品业
sz.301539,汽车制造业
sz.301548,通用设备制造业
sz.301550,汽车制造业
sz.301551,电信、广播电视和卫星传输服务
sz.301552,汽车制造业
sz.301555,化学原料和化学制品制造业
sz.301556,软件和信息技术服务业
sz.301557,非金属矿物制品业
sz.301558,零售业
sz.301559,通用设备制造业
sz.301560,汽车制造业
sz.301563,批发业
sz.301565,橡胶和塑料制品业
sz.301566,计算机、通信和其他电子设备制造业
sz.301567,计算机、通信和其他电子设备制造业
sz.301568,专用设备制造业
sz.301571,计算机、通信和其他电子设备制造业
sz.301575,金属制品业
sz.301577,计算机、通信和其他电子设备制造业
sz.301578,计算机、通信和其他电子设备制造业
sz.301580,专用设备制造业
sz.301581,汽车制造业
sz.301584,批发业
sz.301585,化学原料和化学制品制造业
sz.301586,铁路、船舶、航空航天和其他运输设备制造业
sz.301587,金属制品业
sz.301588,橡胶和塑料制品业
sz.301589,计算机、通信和其他电子设备制造业
sz.301590,电气机械和器材制造业
sz.301591,橡胶和塑料制品业
sz.301592,软件和信息技术服务业
sz.301595,橡胶和塑料制品业
sz.301596,通用设备制造业
sz.301598,专用设备制造业
sz.301599,专用设备制造业
sz.301600,计算机、通信和其他电子设备制造业
sz.301601,专业技术服务业
sz.301602,专用设备制造业
sz.301603,通用设备制造业
sz.301606,计算机、通信和其他电子设备制造业
sz.301607,汽车制造业
sz.301608,计算机、通信和其他电子设备制造业
sz.301609,电气机械和器材制造业
sz.301611,计算机、通信和其他电子设备制造业
sz.301613,汽车制造业
sz.301616,通用设备制造业
sz.301617,化学原料和化学制品制造业
sz.301618,化学原料和化学制品制造业
sz.301622,计算机、通信和其他电子设备制造业
sz.301626,计算机、通信和其他电子设备制造业
sz.301628,计算机、通信和其他电子设备制造业
sz.301629,专用设备制造业
sz.301630,计算机、通信和其他电子设备制造业
sz.301631,计算机、通信和其他电子设备制造业
sz.301632,专业技术服务业
sz.301633,软件和信息技术服务业
sz.301636,电气机械和器材制造业
sz.301638,软件和信息技术服务业
sz.301656,汽车制造业
sz.301658,电气机械和器材制造业
sz.301662,专用设备制造业
sz.301665,化学原料和化学制品制造业
sz.301666,计算机、通信和其他电子设备制造业
sz.301667,汽车制造业
sz.301668,电气机械和器材制造业
sz.301678,计算机、通信和其他电子设备制造业
sz.301680,汽车制造业
sz.301682,计算机、通信和其他电子设备制造业
sz.301683,化学原料和化学制品制造业
sz.301687,计算机、通信和其他电子设备制造业
sz.301696,电气机械和器材制造业
sz.302132,计算机、通信和其他电子设备制造业
